Year,Quarter,Local Government Areas (LGAs),DwellingType,First Quartile Sales Price,Median Sales Price,Third Quartile Sales Price,Mean Sales Price,Sales,Qtly change in Median,Annual change in Median,Qtly change in Count,Annual change in Count,
,,,,$'000s,$'000s,'000s,$'000s,No.,,,,,
2017,Fourth,Total,Total,850,1250,1889,1618,3570,4.17%,6.29%,-4.01%,-18.62%,
2017,Fourth,Total,Non Strata,1532,2050,2930,2571,1210,-0.87%,0.86%,6.51%,-9.30%,
2017,Fourth,Total,Strata,757,958,1300,1130,2360,1.32%,1.75%,-8.63%,-22.70%,
2017,Fourth,Inner West,Total,843,1290,1650,1332,747,5.09%,8.91%,-0.40%,-16.44%,
2017,Fourth,Inner West,Non Strata,1300,1533,1851,1612,434,-5.66%,-4.19%,12.44%,-4.41%,
2017,Fourth,Inner West,Strata,663,789,1000,944,313,4.62%,6.67%,-14.01%,-28.86%,
2017,Fourth,Lane Cove,Total,770,1060,2401,1898,224,16.04%,7.83%,19.15%,-4.27%,
2017,Fourth,Lane Cove,Non Strata,2200,2765,4810,3562,85,-2.42%,14.02%,41.67%,-1.16%,
2017,Fourth,Lane Cove,Strata,713,800,1000,880,139,-1.84%,-2.88%,8.59%,-6.08%,
2017,Fourth,Mosman,Total,1014,1605,3109,2269,160,16.73%,-22.65%,-3.61%,-13.51%,
2017,Fourth,Mosman,Non Strata,3100,3850,5800,4175,53,-6.10%,0.46%,-7.02%,-33.75%,
2017,Fourth,Mosman,Strata,890,1115,1605,1326,107,11.39%,-4.74%,-1.83%,1.90%,
2017,Fourth,North Sydney,Total,914,1200,1684,1450,372,1.69%,1.14%,-4.12%,-15.07%,
2017,Fourth,North Sydney,Non Strata,2030,2600,3713,2817,54,6.12%,0.00%,-11.48%,-15.62%,
2017,Fourth,North Sydney,Strata,865,1127,1400,1218,318,6.27%,1.90%,-2.75%,-14.97%,
2017,Fourth,Randwick,Total,920,1370,2225,1658,443,14.17%,19.13%,-1.56%,-18.27%,
2017,Fourth,Randwick,Non Strata,1938,2380,2950,2538,183,3.48%,9.93%,12.96%,-6.15%,
2017,Fourth,Randwick,Strata,828,945,1200,1039,260,-2.80%,5.61%,-9.72%,-25.07%,
2017,Fourth,Sydney City,Total,750,1023,1450,1191,1036,2.25%,0.61%,-9.44%,-22.51%,
2017,Fourth,Sydney City,Non Strata,1360,1675,2250,1980,185,1.52%,-4.15%,-3.14%,-6.57%,
2017,Fourth,Sydney City,Strata,710,895,1248,1019,851,-0.56%,-2.95%,-10.70%,-25.29%,
2017,Fourth,Waverley,Total,1001,1550,2599,1965,300,6.90%,12.52%,-8.26%,-26.11%,
2017,Fourth,Waverley,Non Strata,2370,3025,3985,3308,105,3.86%,0.83%,7.14%,-3.67%,
2017,Fourth,Waverley,Strata,850,1125,1523,1242,195,-1.75%,0.00%,-14.85%,-34.34%,
2017,Fourth,Woollahra,Total,1303,2244,4213,3114,288,-5.54%,4.35%,-5.88%,-17.95%,
2017,Fourth,Woollahra,Non Strata,2560,4500,6163,5016,111,46.34%,28.02%,-8.26%,-25.00%,
2017,Fourth,Woollahra,Strata,1050,1485,2500,1922,177,-10.00%,6.07%,-4.32%,-12.81%,
2017,Fourth,Total,Total,680,895,1350,1114,5579,5.30%,0.56%,-11.57%,-22.46%,
2017,Fourth,Total,Non Strata,1030,1361,1824,1543,2518,0.81%,0.81%,-1.72%,-23.07%,
2017,Fourth,Total,Strata,605,700,845,761,3061,2.19%,0.00%,-18.31%,-21.95%,
2017,Fourth,Bayside,Total,675,810,1178,962,663,-0.12%,-6.09%,-2.50%,-16.92%,
2017,Fourth,Bayside,Non Strata,1221,1390,1600,1441,202,-1.00%,-0.71%,8.60%,-15.48%,
2017,Fourth,Bayside,Strata,643,715,838,752,461,-2.79%,-3.12%,-6.68%,-17.53%,
2017,Fourth,Burwood,Total,795,1000,1558,1352,124,9.29%,-4.12%,-8.15%,-15.65%,
2017,Fourth,Burwood,Non Strata,1413,1592,2009,1777,40,-15.73%,-1.91%,-20.00%,-35.48%,
2017,Fourth,Burwood,Strata,718,890,1018,1149,84,14.10%,13.38%,-1.18%,-1.18%,
2017,Fourth,Canada Bay,Total,899,1219,1866,1471,328,5.96%,1.54%,-11.59%,-22.46%,
2017,Fourth,Canada Bay,Non Strata,1755,2060,2538,2241,119,-1.90%,-5.07%,6.25%,-15.60%,
2017,Fourth,Canada Bay,Strata,810,950,1180,1033,209,4.40%,3.17%,-19.31%,-25.89%,
2017,Fourth,Canterbury-Bankstown,Total,625,860,1080,879,1051,7.50%,3.49%,-14.20%,-25.36%,
2017,Fourth,Canterbury-Bankstown,Non Strata,900,1035,1200,1075,628,0.88%,6.65%,2.45%,-22.47%,
2017,Fourth,Canterbury-Bankstown,Strata,500,575,675,588,423,-2.38%,-0.86%,-30.88%,-29.26%,
2017,Fourth,Cumberland,Total,585,730,910,780,679,0.69%,4.29%,-18.19%,-12.05%,
2017,Fourth,Cumberland,Non Strata,822,910,1100,972,337,0.00%,4.00%,-13.14%,-12.69%,
2017,Fourth,Cumberland,Strata,500,593,670,590,342,-1.22%,5.83%,-22.62%,-11.40%,
2017,Fourth,Georges River,Total,699,945,1381,1102,464,-3.62%,-3.28%,-12.78%,-26.81%,
2017,Fourth,Georges River,Non Strata,1200,1417,1735,1529,220,-0.91%,4.96%,-18.22%,-32.31%,
2017,Fourth,Georges River,Strata,624,700,793,717,244,0.36%,3.70%,-7.22%,-21.04%,
2017,Fourth,Hunters Hill,Total,823,1780,2625,1884,48,1.71%,-3.13%,-2.04%,-35.14%,
2017,Fourth,Hunters Hill,Non Strata,2185,2751,3098,2838,s,4.28%,0.75%,22.22%,-38.89%,
2017,Fourth,Hunters Hill,Strata,653,865,1478,1077,s,-9.95%,-14.17%,-16.13%,-31.58%,
2017,Fourth,Ku-Ring-Gai,Total,1150,1739,2300,1851,476,-3.92%,-1.19%,10.44%,-25.74%,
2017,Fourth,Ku-Ring-Gai,Non Strata,1800,2103,2781,2339,302,-5.29%,-3.33%,11.44%,-26.52%,
2017,Fourth,Ku-Ring-Gai,Strata,791,920,1225,1004,174,2.22%,0.00%,8.75%,-24.35%,
2017,Fourth,Parramatta,Total,645,780,1044,897,934,4.00%,-5.45%,-15.40%,-24.49%,
2017,Fourth,Parramatta,Non Strata,1075,1291,1500,1307,297,-0.69%,3.69%,-8.05%,-28.26%,
2017,Fourth,Parramatta,Strata,608,688,790,706,637,2.84%,-1.01%,-18.44%,-22.60%,
2017,Fourth,Ryde,Total,750,1135,1700,1278,420,28.98%,22.04%,-15.15%,-24.73%,
2017,Fourth,Ryde,Non Strata,1600,1750,2010,1872,178,-5.91%,4.17%,5.33%,-17.59%,
2017,Fourth,Ryde,Strata,665,774,946,841,242,9.72%,3.97%,-25.77%,-29.24%,
2017,Fourth,Strathfield,Total,644,700,1305,1142,153,2.00%,-5.08%,-20.31%,-19.47%,
2017,Fourth,Strathfield,Non Strata,1910,2200,2875,2470,39,-6.38%,-6.38%,-9.30%,-38.10%,
2017,Fourth,Strathfield,Strata,630,671,745,687,114,4.77%,0.83%,-23.49%,-10.24%,
2017,Fourth,Willoughby,Total,1067,1765,2388,1848,239,28.83%,-0.28%,-9.81%,-23.64%,
2017,Fourth,Willoughby,Non Strata,1906,2350,2800,2473,134,-9.70%,-2.89%,11.67%,-21.18%,
2017,Fourth,Willoughby,Strata,808,1000,1225,1052,105,1.52%,7.99%,-27.59%,-26.57%,
2017,Fourth,Total,Total,630,770,1090,930,9102,4.05%,4.05%,-11.48%,-14.21%,
2017,Fourth,Total,Non Strata,670,820,1200,1005,6748,5.13%,3.80%,-10.01%,-12.88%,
2017,Fourth,Total,Strata,505,640,825,716,2354,1.82%,3.31%,-15.45%,-17.81%,
2017,Fourth,Blacktown,Total,625,720,880,753,1064,2.27%,4.35%,-18.34%,-13.71%,
2017,Fourth,Blacktown,Non Strata,685,785,925,806,837,3.85%,7.53%,-15.03%,-16.22%,
2017,Fourth,Blacktown,Strata,473,560,645,559,227,-2.06%,0.18%,-28.62%,-2.99%,
2017,Fourth,Blue Mountains,Total,600,680,800,702,329,3.11%,6.25%,-10.35%,-16.92%,
2017,Fourth,Blue Mountains,Non Strata,609,690,805,711,311,3.76%,6.48%,-10.89%,-14.79%,
2017,Fourth,Blue Mountains,Strata,435,530,649,542,s,-2.75%,-2.75%,0.00%,-41.94%,
2017,Fourth,Camden,Total,678,746,850,795,372,1.43%,3.33%,-22.18%,-11.85%,
2017,Fourth,Camden,Non Strata,680,754,856,807,354,1.89%,2.59%,-22.88%,-9.92%,
2017,Fourth,Camden,Strata,437,568,691,567,s,-9.84%,11.37%,-5.26%,-37.93%,
2017,Fourth,Campbelltown,Total,550,630,708,634,562,-0.79%,6.60%,-18.90%,-4.58%,
2017,Fourth,Campbelltown,Non Strata,605,655,730,677,436,0.77%,5.65%,-19.26%,-6.44%,
2017,Fourth,Campbelltown,Strata,446,485,525,487,126,2.75%,7.54%,-17.65%,2.44%,
2017,Fourth,Central Coast,Total,520,640,783,684,1661,2.40%,9.71%,-8.94%,-10.70%,
2017,Fourth,Central Coast,Non Strata,565,665,815,719,1331,2.31%,8.57%,-9.46%,-7.95%,
2017,Fourth,Central Coast,Strata,420,505,627,546,330,2.80%,10.99%,-6.78%,-20.29%,
2017,Fourth,Fairfield,Total,650,772,870,762,423,1.71%,4.32%,-8.44%,-14.72%,
2017,Fourth,Fairfield,Non Strata,730,805,900,835,338,0.00%,3.21%,-3.98%,-10.34%,
2017,Fourth,Fairfield,Strata,396,451,540,469,85,0.22%,-0.88%,-22.73%,-28.57%,
2017,Fourth,Hawkesbury,Total,640,793,1050,897,206,10.07%,16.54%,-25.09%,-18.58%,
2017,Fourth,Hawkesbury,Non Strata,686,835,1114,955,179,11.33%,15.17%,-23.18%,-15.96%,
2017,Fourth,Hawkesbury,Strata,445,520,593,511,s,-3.79%,4.00%,-35.71%,-32.50%,
2017,Fourth,Hornsby,Total,881,1210,1503,1219,485,7.08%,9.95%,3.63%,-14.01%,
2017,Fourth,Hornsby,Non Strata,1205,1380,1610,1443,330,-3.56%,6.15%,22.22%,-10.81%,
2017,Fourth,Hornsby,Strata,620,680,844,744,155,-4.23%,-4.23%,-21.72%,-20.10%,
2017,Fourth,Liverpool,Total,600,730,878,747,564,0.00%,-0.82%,-20.68%,-22.74%,
2017,Fourth,Liverpool,Non Strata,718,820,950,851,389,2.50%,1.86%,-21.73%,-30.29%,
2017,Fourth,Liverpool,Strata,420,520,590,516,175,-3.70%,2.97%,-18.22%,1.74%,
2017,Fourth,Northern Beaches,Total,996,1535,1900,1592,1102,2.13%,5.14%,2.99%,-8.70%,
2017,Fourth,Northern Beaches,Non Strata,1552,1770,2289,1994,612,-4.32%,0.00%,11.48%,-7.83%,
2017,Fourth,Northern Beaches,Strata,780,948,1300,1089,490,1.88%,5.39%,-5.95%,-9.76%,
2017,Fourth,Penrith,Total,575,668,752,671,765,1.52%,6.88%,-17.39%,-12.77%,
2017,Fourth,Penrith,Non Strata,650,710,785,733,557,1.43%,3.65%,-14.04%,-4.13%,
2017,Fourth,Penrith,Strata,450,516,555,504,208,0.05%,3.66%,-25.18%,-29.73%,
2017,Fourth,Sutherland,Total,781,1075,1390,1152,883,2.38%,-1.38%,-4.85%,-22.07%,
2017,Fourth,Sutherland,Non Strata,1130,1325,1630,1424,493,-1.12%,3.52%,2.71%,-20.10%,
2017,Fourth,Sutherland,Strata,655,744,899,809,390,-2.01%,-7.03%,-12.95%,-24.42%,
2017,Fourth,The Hills,Total,1053,1250,1553,1360,503,-3.85%,5.26%,-12.22%,-21.89%,
2017,Fourth,The Hills,Non Strata,1160,1323,1630,1480,409,-3.08%,2.56%,-14.26%,-18.20%,
2017,Fourth,The Hills,Strata,721,818,940,838,94,-2.97%,4.13%,-2.08%,-34.72%,
2017,Fourth,Wollondilly,Total,626,730,970,845,183,1.74%,0.17%,-10.73%,-11.17%,
2017,Fourth,Wollondilly,Non Strata,650,747,1034,871,172,2.26%,0.20%,-9.47%,-12.69%,
2017,Fourth,Wollondilly,Strata,414,440,485,449,s,1.15%,14.29%,-26.67%,22.22%,
2017,Fourth,Total,Total,420,522,665,561,2984,4.03%,7.68%,-3.24%,-5.18%,
2017,Fourth,Total,Non Strata,445,550,680,582,2452,5.77%,10.00%,-3.62%,-1.88%,
2017,Fourth,Total,Strata,355,427,540,461,532,-2.25%,-1.50%,-1.48%,-17.90%,
2017,Fourth,Cessnock,Total,315,370,460,410,333,5.71%,8.82%,-9.76%,6.39%,
2017,Fourth,Cessnock,Non Strata,335,385,470,427,294,6.94%,8.76%,-12.24%,2.08%,
2017,Fourth,Cessnock,Strata,261,282,301,282,39,-2.76%,8.46%,14.71%,56.00%,
2017,Fourth,Lake Macquarie,Total,470,570,691,595,956,4.59%,10.68%,-5.44%,-0.10%,
2017,Fourth,Lake Macquarie,Non Strata,495,595,718,614,836,6.06%,12.26%,-5.64%,2.45%,
2017,Fourth,Lake Macquarie,Strata,390,441,500,461,120,-1.56%,14.12%,-4.00%,-14.89%,
2017,Fourth,Maitland,Total,375,446,530,466,454,4.39%,6.25%,0.67%,13.22%,
2017,Fourth,Maitland,Non Strata,392,458,547,480,407,4.09%,6.51%,2.52%,14.97%,
2017,Fourth,Maitland,Strata,330,350,370,350,47,-2.51%,6.06%,-12.96%,0.00%,
2017,Fourth,Newcastle,Total,483,595,730,639,815,2.59%,12.26%,-2.74%,-21.41%,
2017,Fourth,Newcastle,Non Strata,525,625,751,681,587,3.82%,12.61%,-2.33%,-16.02%,
2017,Fourth,Newcastle,Strata,396,491,646,532,228,1.13%,-0.91%,-3.80%,-32.54%,
2017,Fourth,Port Stephens,Total,412,514,680,551,426,5.66%,5.88%,2.65%,-2.96%,
2017,Fourth,Port Stephens,Non Strata,449,551,720,591,328,8.09%,8.09%,0.92%,-4.09%,
2017,Fourth,Port Stephens,Strata,311,413,519,420,98,1.85%,7.14%,8.89%,1.03%,
2017,Fourth,Total,Total,575,690,855,740,1205,1.47%,8.66%,-3.45%,-7.31%,
2017,Fourth,Total,Non Strata,625,735,900,797,876,0.62%,7.30%,-2.45%,-5.40%,
2017,Fourth,Total,Strata,475,575,669,588,329,-1.37%,8.70%,-6.00%,-12.03%,
2017,Fourth,Kiama,Total,750,925,1165,988,105,14.06%,17.09%,-7.89%,-24.46%,
2017,Fourth,Kiama,Non Strata,876,978,1203,1080,84,15.06%,12.90%,-6.67%,-22.22%,
2017,Fourth,Kiama,Strata,482,600,740,621,s,-10.71%,14.94%,-12.50%,-32.26%,
2017,Fourth,Shellharbour,Total,551,635,705,641,290,0.00%,13.39%,-3.65%,1.40%,
2017,Fourth,Shellharbour,Non Strata,596,655,722,671,230,-1.13%,11.02%,-6.50%,-3.36%,
2017,Fourth,Shellharbour,Strata,469,527,581,526,60,0.00%,13.95%,9.09%,25.00%,
2017,Fourth,Wollongong,Total,572,700,870,744,810,2.34%,10.02%,-2.76%,-7.43%,
2017,Fourth,Wollongong,Non Strata,625,765,910,807,562,2.68%,8.94%,0.00%,-3.10%,
2017,Fourth,Wollongong,Strata,475,585,691,601,248,-0.85%,7.73%,-8.49%,-15.93%,
2017,Fourth,Total,Total,290,400,560,454,9728,1.27%,3.90%,0.02%,-2.47%,
2017,Fourth,Total,Non Strata,296,416,578,466,8339,2.72%,5.32%,-0.25%,-1.67%,
2017,Fourth,Total,Strata,275,350,450,383,1389,1.45%,4.48%,1.68%,-6.97%,
2017,Fourth,Albury,Total,240,320,414,344,311,5.79%,1.59%,20.54%,6.87%,
2017,Fourth,Albury,Non Strata,251,332,420,354,253,2.15%,-2.35%,18.78%,9.05%,
2017,Fourth,Albury,Strata,190,233,310,298,58,6.65%,3.33%,28.89%,-1.69%,
2017,Fourth,Armidale Regional,Total,270,340,445,374,126,0.00%,-2.86%,-6.67%,0.80%,
2017,Fourth,Armidale Regional,Non Strata,288,345,426,362,108,1.40%,-1.50%,-16.28%,-7.69%,
2017,Fourth,Armidale Regional,Strata,209,250,805,446,s,-10.09%,-37.07%,200.00%,125.00%,
2017,Fourth,Ballina,Total,481,594,785,653,195,-0.75%,12.08%,-11.36%,-6.70%,
2017,Fourth,Ballina,Non Strata,555,640,850,736,132,-0.93%,8.02%,0.00%,3.94%,
2017,Fourth,Ballina,Strata,368,430,583,479,63,-13.57%,2.90%,-28.41%,-23.17%,
2017,Fourth,Balranald,Total,-,-,-,-,-,-,-,-,-,
2017,Fourth,Balranald,Non Strata,-,-,-,-,-,-,-,-,-,
2017,Fourth,Balranald,Strata,-,-,-,-,-,-,-,-,-,
2017,Fourth,Bathurst,Total,330,399,494,425,219,-5.12%,-0.25%,-6.01%,-17.67%,
2017,Fourth,Bathurst,Non Strata,350,408,516,442,196,-5.17%,-0.55%,-7.55%,-20.33%,
2017,Fourth,Bathurst,Strata,236,300,328,282,s,5.26%,3.45%,9.52%,15.00%,
2017,Fourth,Bega Valley,Total,314,420,555,447,228,-0.94%,3.70%,5.07%,-3.39%,
2017,Fourth,Bega Valley,Non Strata,375,490,599,496,167,0.26%,14.49%,1.83%,-14.80%,
2017,Fourth,Bega Valley,Strata,222,287,382,310,61,14.80%,-0.52%,15.09%,52.50%,
2017,Fourth,Bellingen,Total,395,510,605,528,57,6.81%,9.91%,0.00%,-26.92%,
2017,Fourth,Bellingen,Non Strata,395,510,605,528,57,6.81%,9.68%,0.00%,-25.97%,
2017,Fourth,Bellingen,Strara,-,-,-,-,-,-,-,-,-,
2017,Fourth,Berrigan,Total,186,255,343,289,36,7.37%,27.50%,0.00%,-34.55%,
2017,Fourth,Berrigan,Non Strata,186,255,343,289,36,7.37%,23.79%,0.00%,-33.33%,
2017,Fourth,Berrigan,Strara,-,-,-,-,-,-,-,-,-,
2017,Fourth,Bland,Total,104,160,195,151,s,-10.61%,-11.11%,-25.93%,-31.03%,
2017,Fourth,Bland,Non Strata,104,160,195,151,s,-10.61%,-11.11%,-25.93%,-31.03%,
2017,Fourth,Bland,Strara,-,-,-,-,-,-,-,-,-,
2017,Fourth,Blayney,Total,273,363,498,411,42,34.26%,21.34%,20.00%,40.00%,
2017,Fourth,Blayney,Non Strata,273,363,498,411,42,34.26%,21.34%,20.00%,40.00%,
2017,Fourth,Blayney,Strara,-,-,-,-,-,-,-,-,-,
2017,Fourth,Bogan,Total,118,135,173,155,s,-5.26%,0.00%,-31.25%,175.00%,
2017,Fourth,Bogan,Non Strata,118,135,173,155,s,-5.26%,0.00%,-31.25%,175.00%,
2017,Fourth,Bogan,Strara,-,-,-,-,-,-,-,-,-,
2017,Fourth,Bourke,Total,-,-,-,-,-,-,-,-,-,
2017,Fourth,Bourke,Non Strata,-,-,-,-,-,-,-,-,-,
2017,Fourth,Bourke,Strara,-,-,-,-,-,-,-,-,-,
2017,Fourth,Brewarrina,Total,-,-,-,-,-,-,-,-,-,
2017,Fourth,Brewarrina,Non Strata,-,-,-,-,-,-,-,-,-,
2017,Fourth,Brewarrina,Strara,-,-,-,-,-,-,-,-,-,
2017,Fourth,Broken Hill,Total,65,91,150,108,97,-17.27%,-19.11%,25.97%,21.25%,
2017,Fourth,Broken Hill,Non Strata,65,91,150,108,97,-17.27%,-19.11%,25.97%,21.25%,
2017,Fourth,Broken Hill,Strara,-,-,-,-,-,-,-,-,-,
2017,Fourth,Byron,Total,680,830,1100,1013,185,-1.19%,0.18%,-4.15%,-16.67%,
2017,Fourth,Byron,Non Strata,750,899,1273,1139,131,-0.77%,-0.11%,-12.67%,-19.63%,
2017,Fourth,Byron,Strata,571,683,829,709,54,-4.55%,5.81%,25.58%,-8.47%,
2017,Fourth,Cabonne,Total,221,340,618,410,54,35.80%,-5.69%,5.88%,-1.82%,
2017,Fourth,Cabonne,Non Strata,221,340,618,410,54,35.80%,-5.69%,5.88%,-1.82%,
2017,Fourth,Cabonne,Strara,-,-,-,-,-,-,-,-,-,
2017,Fourth,Carrathool,Total,64,137,188,146,s,-7.90%,14.17%,37.50%,120.00%,
2017,Fourth,Carrathool,Non Strata,64,137,188,146,s,-7.90%,14.17%,37.50%,120.00%,
2017,Fourth,Carrathool,Strara,-,-,-,-,-,-,-,-,-,
2017,Fourth,Central Darling,Total,-,-,-,-,-,-,-,-,-,
2017,Fourth,Central Darling,Non Strata,-,-,-,-,-,-,-,-,-,
2017,Fourth,Central Darling,Strara,-,-,-,-,-,-,-,-,-,
2017,Fourth,Clarence Valley,Total,295,370,465,392,293,1.37%,5.71%,-4.87%,-3.30%,
2017,Fourth,Clarence Valley,Non Strata,298,375,460,389,257,-2.60%,4.17%,-3.38%,-4.81%,
2017,Fourth,Clarence Valley,Strata,282,352,543,418,36,16.36%,8.31%,-14.29%,9.09%,
2017,Fourth,Cobar,Total,135,158,225,170,s,-12.22%,-21.00%,61.54%,40.00%,
2017,Fourth,Cobar,Non Strata,135,158,225,170,s,-12.22%,-21.00%,61.54%,40.00%,
2017,Fourth,Cobar,Strara,-,-,-,-,-,-,-,-,-,
2017,Fourth,Coffs Harbour,Total,385,479,589,498,394,0.42%,8.14%,1.03%,-7.08%,
2017,Fourth,Coffs Harbour,Non Strata,435,530,653,553,280,1.92%,10.53%,3.32%,-7.89%,
2017,Fourth,Coffs Harbour,Strata,288,347,424,361,114,-2.53%,-3.61%,-4.20%,-5.00%,
2017,Fourth,Coolamon,Total,110,180,253,190,s,-6.25%,-33.82%,-6.90%,42.11%,
2017,Fourth,Coolamon,Non Strata,110,180,253,190,s,-6.25%,-33.82%,-6.90%,42.11%,
2017,Fourth,Coolamon,Strara,-,-,-,-,-,-,-,-,-,
2017,Fourth,Coonamble,Total,57,85,150,115,s,10.82%,-17.07%,112.50%,41.67%,
2017,Fourth,Coonamble,Non Strata,57,85,150,115,s,10.82%,-17.07%,112.50%,41.67%,
2017,Fourth,Coonamble,Strara,-,-,-,-,-,-,-,-,-,
2017,Fourth,Cootamundra-Gundagai Regional,Total,187,225,266,237,50,9.22%,7.27%,-7.41%,0.00%,
2017,Fourth,Cootamundra-Gundagai Regional,Non Strata,187,225,266,237,50,9.22%,7.27%,-7.41%,0.00%,
2017,Fourth,Cootamundra-Gundagai Regional,Strara,-,-,-,-,-,-,-,-,-,
2017,Fourth,Cowra,Total,210,260,327,277,60,-1.89%,11.83%,-11.76%,7.14%,
2017,Fourth,Cowra,Non Strata,210,260,327,277,60,-1.89%,11.83%,-11.76%,7.14%,
2017,Fourth,Cowra,Strara,-,-,-,-,-,-,-,-,-,
2017,Fourth,Dubbo Regional,Total,275,340,425,353,252,4.62%,-2.86%,5.00%,8.62%,
2017,Fourth,Dubbo Regional,Non Strata,281,345,430,357,243,4.94%,-2.82%,4.74%,11.98%,
2017,Fourth,Dubbo Regional,Strata,-,-,-,-,-,-,-,-,-,
2017,Fourth,Dungog,Total,325,550,835,595,51,6.28%,32.53%,-5.56%,21.43%,
2017,Fourth,Dungog,Non Strata,325,550,835,595,51,6.28%,32.53%,-5.56%,21.43%,
2017,Fourth,Dungog,Strara,-,-,-,-,-,-,-,-,-,
2017,Fourth,Edward River,Total,175,219,307,250,34,15.26%,0.92%,-17.07%,0.00%,
2017,Fourth,Edward River,Non Strata,175,219,307,250,34,10.33%,0.92%,-5.56%,0.00%,
2017,Fourth,Edward River,Strara,-,-,-,-,-,-,-,-,-,
2017,Fourth,Eurobodalla,Total,360,447,550,474,316,4.93%,20.49%,17.91%,-4.82%,
2017,Fourth,Eurobodalla,Non Strata,406,475,584,510,246,4.68%,19.35%,12.84%,-6.46%,
2017,Fourth,Eurobodalla,Strata,288,349,384,345,70,21.06%,20.43%,40.00%,1.45%,
2017,Fourth,Federation,Total,210,265,336,277,77,1.92%,17.78%,18.46%,50.98%,
2017,Fourth,Federation,Non Strata,217,268,340,285,65,2.88%,18.89%,10.17%,38.30%,
2017,Fourth,Federation,Strata,172,208,265,232,s,-12.63%,-1.78%,100.00%,200.00%,
2017,Fourth,Forbes,Total,184,277,370,284,38,2.41%,25.68%,8.57%,0.00%,
2017,Fourth,Forbes,Non Strata,184,277,370,284,38,2.41%,25.68%,8.57%,0.00%,
2017,Fourth,Forbes,Strara,-,-,-,-,-,-,-,-,-,
2017,Fourth,Gilgandra,Total,135,160,430,249,s,26.73%,-11.11%,-5.56%,142.86%,
2017,Fourth,Gilgandra,Non Strata,135,160,430,249,s,26.73%,-11.11%,-5.56%,142.86%,
2017,Fourth,Gilgandra,Strara,-,-,-,-,-,-,-,-,-,
2017,Fourth,Glen Innes,Total,153,197,252,199,s,-3.78%,6.62%,-33.33%,-11.76%,
2017,Fourth,Glen Innes,Non Strata,153,197,252,199,s,-3.78%,6.62%,-33.33%,-11.76%,
2017,Fourth,Glen Innes,Strara,-,-,-,-,-,-,-,-,-,
2017,Fourth,Goulburn Mulwaree,Total,342,405,503,431,167,1.38%,0.50%,-5.65%,-18.54%,
2017,Fourth,Goulburn Mulwaree,Non Strata,350,420,529,451,144,3.24%,2.44%,-11.11%,-24.61%,
2017,Fourth,Goulburn Mulwaree,Strata,231,298,352,305,s,4.56%,-12.87%,53.33%,64.29%,
2017,Fourth,Greater Hume,Total,215,275,433,374,35,17.02%,25.00%,-18.60%,-22.22%,
2017,Fourth,Greater Hume,Non Strata,215,275,433,374,35,17.02%,25.00%,-18.60%,-22.22%,
2017,Fourth,Greater Hume,Strara,-,-,-,-,-,-,-,-,-,
2017,Fourth,Griffith,Total,273,331,394,350,122,5.16%,10.42%,28.42%,18.45%,
2017,Fourth,Griffith,Non Strata,277,335,399,355,116,6.01%,10.56%,34.88%,17.17%,
2017,Fourth,Griffith,Strata,-,-,-,-,-,-,-,-,-,
2017,Fourth,Gunnedah,Total,220,310,441,339,63,6.90%,6.90%,28.57%,90.91%,
2017,Fourth,Gunnedah,Non Strata,224,315,441,345,60,7.69%,8.62%,25.00%,81.82%,
2017,Fourth,Gunnedah,Strata,-,-,-,-,-,-,-,-,-,
2017,Fourth,Gwydir,Total,139,195,239,187,s,-26.42%,-4.88%,20.00%,0.00%,
2017,Fourth,Gwydir,Non Strata,139,195,239,187,s,-26.42%,-4.88%,20.00%,0.00%,
2017,Fourth,Gwydir,Strara,-,-,-,-,-,-,-,-,-,
2017,Fourth,Hay,Total,-,-,-,-,-,-,-,-,-,
2017,Fourth,Hay,Non Strata,-,-,-,-,-,-,-,-,-,
2017,Fourth,Hay,Strara,-,-,-,-,-,-,-,-,-,
2017,Fourth,Hilltops,Total,216,268,388,307,82,7.00%,8.30%,-13.68%,-28.07%,
2017,Fourth,Hilltops,Non Strata,214,270,393,309,80,8.00%,8.00%,-15.79%,-28.57%,
2017,Fourth,Hilltops,Strata,-,-,-,-,-,-,-,-,-,
2017,Fourth,Inverell,Total,205,265,323,273,75,1.92%,7.29%,1.35%,31.58%,
2017,Fourth,Inverell,Non Strata,205,265,323,273,75,1.92%,7.29%,1.35%,31.58%,
2017,Fourth,Inverell,Strara,-,-,-,-,-,-,-,-,-,
2017,Fourth,Junee,Total,195,228,314,259,s,-12.16%,-7.52%,-41.94%,-30.77%,
2017,Fourth,Junee,Non Strata,195,228,314,259,s,-12.16%,-7.52%,-41.94%,-30.77%,
2017,Fourth,Junee,Strara,-,-,-,-,-,-,-,-,-,
2017,Fourth,Kempsey,Total,264,329,465,361,164,-6.67%,2.81%,1.23%,0.00%,
2017,Fourth,Kempsey,Non Strata,258,343,470,370,144,-5.26%,7.03%,0.00%,0.00%,
2017,Fourth,Kempsey,Strata,275,289,303,297,s,0.35%,-3.83%,11.11%,0.00%,
2017,Fourth,Kyogle,Total,225,300,360,302,45,-17.24%,3.81%,7.14%,21.62%,
2017,Fourth,Kyogle,Non Strata,225,300,360,302,45,-17.24%,3.81%,7.14%,21.62%,
2017,Fourth,Kyogle,Strara,-,-,-,-,-,-,-,-,-,
2017,Fourth,Lachlan,Total,119,176,200,157,s,5.39%,16.94%,-34.48%,5.56%,
2017,Fourth,Lachlan,Non Strata,119,176,200,157,s,5.39%,16.94%,-34.48%,5.56%,
2017,Fourth,Lachlan,Strara,-,-,-,-,-,-,-,-,-,
2017,Fourth,Leeton,Total,161,220,308,246,55,-10.57%,0.92%,25.00%,12.24%,
2017,Fourth,Leeton,Non Strata,162,235,325,249,53,-6.00%,3.07%,23.26%,20.45%,
2017,Fourth,Leeton,Strata,-,-,-,-,-,-,-,-,-,
2017,Fourth,Lismore,Total,325,379,480,418,238,1.34%,7.83%,4.39%,-5.93%,
2017,Fourth,Lismore,Non Strata,340,406,515,437,208,6.78%,8.78%,1.46%,-6.73%,
2017,Fourth,Lismore,Strata,240,278,333,288,s,-5.93%,9.54%,30.43%,0.00%,
2017,Fourth,Lithgow,Total,289,332,410,365,98,-5.96%,7.80%,-12.50%,-15.52%,
2017,Fourth,Lithgow,Non Strata,289,333,410,366,97,-6.20%,8.29%,-12.61%,-16.38%,
2017,Fourth,Lithgow,Strata,-,-,-,-,-,-,-,-,-,
2017,Fourth,Liverpool Plains,Total,166,223,252,229,s,14.40%,20.27%,3.45%,172.73%,
2017,Fourth,Liverpool Plains,Non Strata,166,223,252,229,s,14.40%,20.27%,3.45%,172.73%,
2017,Fourth,Liverpool Plains,Strara,-,-,-,-,-,-,-,-,-,
2017,Fourth,Lockhart,Total,-,-,-,-,-,-,-,-,-,
2017,Fourth,Lockhart,Non Strata,-,-,-,-,-,-,-,-,-,
2017,Fourth,Lockhart,Strara,-,-,-,-,-,-,-,-,-,
2017,Fourth,Mid-Coast,Total,328,425,565,450,636,3.22%,9.75%,-0.62%,-5.92%,
2017,Fourth,Mid-Coast,Non Strata,337,447,596,475,504,1.48%,8.11%,-2.14%,-4.36%,
2017,Fourth,Mid-Coast,Strata,289,345,425,356,132,6.82%,1.32%,5.60%,-11.41%,
2017,Fourth,Mid-Western Regional,Total,290,374,468,388,153,2.19%,3.89%,-18.18%,9.29%,
2017,Fourth,Mid-Western Regional,Non Strata,295,388,470,392,147,3.47%,7.78%,-16.48%,6.52%,
2017,Fourth,Mid-Western Regional,Strata,-,-,-,-,-,-,-,-,-,
2017,Fourth,Moree Plains,Total,153,226,310,254,42,1.57%,-1.74%,23.53%,-8.70%,
2017,Fourth,Moree Plains,Non Strata,153,226,310,254,42,0.44%,-1.74%,27.27%,-8.70%,
2017,Fourth,Moree Plains,Strara,-,-,-,-,-,-,-,-,-,
2017,Fourth,Murray River,Total,250,328,450,375,61,-12.54%,-2.67%,17.31%,7.02%,
2017,Fourth,Murray River,Non Strata,265,345,478,383,55,-16.06%,1.47%,44.74%,7.84%,
2017,Fourth,Murray River,Strata,-,-,-,-,-,-,-,-,-,
2017,Fourth,Murrumbidgee,Total,150,185,310,239,s,-9.76%,48.00%,70.00%,6.25%,
2017,Fourth,Murrumbidgee,Non Strata,150,185,310,239,s,-9.76%,48.00%,70.00%,6.25%,
2017,Fourth,Murrumbidgee,Strara,-,-,-,-,-,-,-,-,-,
2017,Fourth,Muswellbrook,Total,267,310,350,320,81,1.19%,24.00%,35.00%,50.00%,
2017,Fourth,Muswellbrook,Non Strata,271,310,348,319,75,-1.12%,22.29%,29.31%,44.23%,
2017,Fourth,Muswellbrook,Strata,-,-,-,-,-,-,-,-,-,
2017,Fourth,Nambucca,Total,309,374,440,391,86,-3.67%,2.40%,-21.10%,-29.51%,
2017,Fourth,Nambucca,Non Strata,328,395,448,410,75,1.28%,4.77%,-26.47%,-32.43%,
2017,Fourth,Nambucca,Strata,240,275,308,267,s,-0.36%,6.80%,57.14%,0.00%,
2017,Fourth,Narrabri,Total,220,285,350,305,37,7.55%,-6.86%,0.00%,23.33%,
2017,Fourth,Narrabri,Non Strata,220,285,350,305,37,7.55%,-6.86%,0.00%,23.33%,
2017,Fourth,Narrabri,Strara,-,-,-,-,-,-,-,-,-,
2017,Fourth,Narrandera,Total,120,153,220,172,s,-19.74%,-10.29%,-13.79%,-13.79%,
2017,Fourth,Narrandera,Non Strata,120,153,220,172,s,-19.74%,-10.29%,-13.79%,-13.79%,
2017,Fourth,Narrandera,Strara,-,-,-,-,-,-,-,-,-,
2017,Fourth,Narromine,Total,154,203,255,211,32,-10.99%,22.73%,23.08%,113.33%,
2017,Fourth,Narromine,Non Strata,154,203,255,211,32,-10.99%,22.73%,23.08%,113.33%,
2017,Fourth,Narromine,Strara,-,-,-,-,-,-,-,-,-,
2017,Fourth,Oberon,Total,310,474,664,596,s,42.02%,28.98%,-31.58%,18.18%,
2017,Fourth,Oberon,Non Strata,310,474,664,596,s,42.02%,28.98%,-31.58%,18.18%,
2017,Fourth,Oberon,Strara,-,-,-,-,-,-,-,-,-,
2017,Fourth,Orange,Total,320,389,485,409,269,6.58%,11.14%,0.37%,13.98%,
2017,Fourth,Orange,Non Strata,330,405,495,421,251,6.58%,10.96%,4.15%,15.14%,
2017,Fourth,Orange,Strata,207,225,272,239,s,2.05%,-9.48%,-33.33%,0.00%,
2017,Fourth,Parkes,Total,199,246,331,272,72,3.26%,4.35%,-6.49%,24.14%,
2017,Fourth,Parkes,Non Strata,199,246,331,272,72,3.26%,4.35%,-6.49%,24.14%,
2017,Fourth,Parkes,Strara,-,-,-,-,-,-,-,-,-,
2017,Fourth,Port Macquarie-Hastings,Total,419,517,635,543,444,1.37%,8.73%,0.23%,-13.95%,
2017,Fourth,Port Macquarie-Hastings,Non Strata,470,555,670,584,334,1.60%,4.72%,1.83%,-9.97%,
2017,Fourth,Port Macquarie-Hastings,Strata,341,390,470,418,110,-2.38%,3.59%,-4.35%,-24.14%,
2017,Fourth,Queanbeyan-Palerang Regional,Total,380,535,710,559,345,0.47%,3.88%,13.49%,6.15%,
2017,Fourth,Queanbeyan-Palerang Regional,Non Strata,535,650,800,679,229,0.78%,7.44%,9.57%,1.78%,
2017,Fourth,Queanbeyan-Palerang Regional,Strata,268,330,386,323,116,6.45%,3.04%,22.11%,16.00%,
2017,Fourth,Richmond Valley,Total,255,320,450,376,110,5.96%,11.50%,-0.90%,13.40%,
2017,Fourth,Richmond Valley,Non Strata,255,320,460,383,103,6.31%,11.50%,14.44%,21.18%,
2017,Fourth,Richmond Valley,Strata,-,-,-,-,-,-,-,-,-,
2017,Fourth,Shoalhaven,Total,450,550,700,609,581,0.92%,14.58%,-0.34%,-15.18%,
2017,Fourth,Shoalhaven,Non Strata,460,565,715,622,544,2.73%,15.78%,-0.73%,-13.38%,
2017,Fourth,Shoalhaven,Strata,340,435,490,411,37,24.29%,12.99%,5.71%,-35.09%,
2017,Fourth,Singleton,Total,307,380,549,431,145,-2.56%,-10.59%,7.41%,16.00%,
2017,Fourth,Singleton,Non Strata,325,405,555,446,133,-0.74%,-8.37%,4.72%,15.65%,
2017,Fourth,Singleton,Strata,243,273,300,270,s,46.38%,54.46%,50.00%,20.00%,
2017,Fourth,Snowy Monaro Regional,Total,249,325,440,352,121,9.43%,14.04%,-9.70%,-21.43%,
2017,Fourth,Snowy Monaro Regional,Non Strata,258,325,442,362,96,14.04%,8.33%,-13.51%,-8.57%,
2017,Fourth,Snowy Monaro Regional,Strata,183,320,440,315,s,-3.03%,20.53%,8.70%,-48.98%,
2017,Fourth,Snowy Valleys,Total,172,231,299,238,58,0.65%,15.50%,-25.64%,16.00%,
2017,Fourth,Snowy Valleys,Non Strata,175,232,299,240,57,0.87%,16.00%,-24.00%,16.33%,
2017,Fourth,Snowy Valleys,Strata,-,-,-,-,-,-,-,-,-,
2017,Fourth,Tamworth,Total,274,349,460,379,288,4.03%,6.09%,1.41%,-5.26%,
2017,Fourth,Tamworth,Non Strata,281,355,466,390,270,5.65%,6.37%,-1.10%,-4.93%,
2017,Fourth,Tamworth,Strata,191,201,239,213,s,-38.63%,-21.18%,63.64%,-10.00%,
2017,Fourth,Temora,Total,172,232,299,241,34,15.75%,1.09%,61.90%,36.00%,
2017,Fourth,Temora,Non Strata,172,232,299,241,34,15.75%,1.09%,61.90%,36.00%,
2017,Fourth,Tenterfield,Total,186,252,325,269,32,16.98%,12.47%,-25.58%,-5.88%,
2017,Fourth,Tenterfield,Non Strata,186,252,325,269,32,16.98%,12.47%,-25.58%,-5.88%,
2017,Fourth,Tweed,Total,436,560,700,587,543,4.67%,14.52%,-14.76%,-11.99%,
2017,Fourth,Tweed,Non Strata,540,650,775,681,325,6.56%,14.04%,-14.70%,-8.71%,
2017,Fourth,Tweed,Strata,350,418,550,447,218,4.37%,19.29%,-14.84%,-16.48%,
2017,Fourth,Upper Hunter,Total,267,323,425,349,72,17.45%,19.63%,4.35%,9.09%,
2017,Fourth,Upper Hunter,Non Strata,267,323,425,349,72,16.40%,19.63%,5.88%,9.09%,
2017,Fourth,Upper Hunter,Strata,-,-,-,-,-,-,-,-,-,
2017,Fourth,Upper Lachlan,Total,383,453,633,538,34,29.47%,0.84%,-10.53%,21.43%,
2017,Fourth,Upper Lachlan,Non Strata,383,453,633,538,34,29.47%,0.84%,-10.53%,21.43%,
2017,Fourth,Upper Lachlan,Strata,-,-,-,-,-,-,-,-,-,
2017,Fourth,Uralla,Total,215,335,435,342,s,17.54%,22.94%,16.00%,61.11%,
2017,Fourth,Uralla,Non Strata,215,335,435,342,s,17.54%,22.94%,16.00%,61.11%,
2017,Fourth,Uralla,Strata,-,-,-,-,-,-,-,-,-,
2017,Fourth,Wagga Wagga,Total,265,332,415,347,340,-3.21%,-2.50%,-1.16%,8.28%,
2017,Fourth,Wagga Wagga,Non Strata,270,340,420,356,312,-2.86%,-2.37%,1.63%,8.33%,
2017,Fourth,Wagga Wagga,Strata,171,254,292,239,s,5.62%,18.46%,-24.32%,7.69%,
2017,Fourth,Walcha,Total,-,-,-,-,-,-,-,-,-,
2017,Fourth,Walcha,Non Strata,-,-,-,-,-,-,-,-,-,
2017,Fourth,Walcha,Strata,-,-,-,-,-,-,-,-,-,
2017,Fourth,Walgett,Total,-,-,-,-,-,-,-,-,-,
2017,Fourth,Walgett,Non Strata,-,-,-,-,-,-,-,-,-,
2017,Fourth,Walgett,Strata,-,-,-,-,-,-,-,-,-,
2017,Fourth,Warren,Total,-,-,-,-,-,-,-,-,-,
2017,Fourth,Warren,Non Strata,-,-,-,-,-,-,-,-,-,
2017,Fourth,Warren,Strata,-,-,-,-,-,-,-,-,-,
2017,Fourth,Warrumbungle,Total,118,170,223,182,36,-15.00%,-12.82%,-7.69%,33.33%,
2017,Fourth,Warrumbungle,Non Strata,118,170,223,182,36,-15.00%,-12.82%,-7.69%,33.33%,
2017,Fourth,Warrumbungle,Strata,-,-,-,-,-,-,-,-,-,
2017,Fourth,Weddin,Total,126,155,270,238,s,-5.92%,0.00%,28.57%,5.88%,
2017,Fourth,Weddin,Non Strata,126,155,270,238,s,-5.92%,0.00%,28.57%,5.88%,
2017,Fourth,Weddin,Strata,-,-,-,-,-,-,-,-,-,
2017,Fourth,Wentworth,Total,169,275,335,285,s,1.85%,27.91%,-17.24%,-35.14%,
2017,Fourth,Wentworth,Non Strata,196,290,340,291,s,7.41%,33.33%,-20.69%,-36.11%,
2017,Fourth,Wentworth,Strata,-,-,-,-,-,-,-,-,-,
2017,Fourth,Wingecarribee,Total,668,825,1210,977,307,5.77%,5.77%,13.28%,-1.29%,
2017,Fourth,Wingecarribee,Non Strata,680,840,1258,1006,275,5.00%,2.94%,9.56%,-0.72%,
2017,Fourth,Wingecarribee,Strata,559,653,881,723,32,21.40%,32.49%,60.00%,-5.88%,
2017,Fourth,Yass Valley,Total,393,592,831,650,82,29.54%,25.29%,7.89%,2.50%,
2017,Fourth,Yass Valley,Non Strata,393,592,831,650,82,29.54%,16.08%,7.89%,6.49%,
2017,Fourth,Yass Valley,Strata,-,-,-,-,-,-,-,-,-,
2017,Second,Total,Total,861.00,"1,543.78","1,250.00","1,833.75","3,934",4.17%,13.64%,16.87%,-7.17%,
2017,Second,Total,Non Strata,"1,650.00","2,520.83","2,122.50","2,908.75","1,202",-3.85%,16.11%,28.69%,-9.56%,
2017,Second,Total,Strata,780.00,"1,113.91",965.00,"1,310.00","2,732",-0.52%,9.66%,12.34%,-6.08%,
2017,Second,Inner West,Total,795.00,"1,308.10","1,270.00","1,681.00",823,8.69%,10.43%,30.22%,-2.37%,
2017,Second,Inner West,Non Strata,"1,411.00","1,739.53","1,650.00","1,935.00",425,-0.15%,17.86%,40.73%,-6.39%,
2017,Second,Inner West,Strata,666.25,847.41,790.00,950.00,398,3.47%,4.50%,20.61%,2.31%,
2017,Second,Lane Cove,Total,805.00,"1,964.93","1,140.50","2,481.25",188,23.63%,34.18%,23.68%,-14.16%,
2017,Second,Lane Cove,Non Strata,"2,320.00","3,439.91","2,720.00","3,725.75",80,-1.09%,36.00%,70.21%,11.11%,
2017,Second,Lane Cove,Strata,750.00,872.35,823.50,937.50,108,0.43%,12.81%,2.86%,-26.53%,
2017,Second,Mosman,Total,"1,139.25","2,475.62","2,177.50","3,037.50",158,-3.22%,12.39%,21.54%,-8.14%,
2017,Second,Mosman,Non Strata,"2,775.00","4,083.08","3,585.00","5,025.00",63,-12.56%,8.80%,8.62%,-4.55%,
2017,Second,Mosman,Strata,857.50,"1,409.62","1,240.00","1,767.50",95,7.59%,12.98%,31.94%,-10.38%,
2017,Second,North Sydney,Total,920.00,"1,561.33","1,300.50","1,933.25",412,1.40%,22.00%,17.05%,2.23%,
2017,Second,North Sydney,Non Strata,"2,007.50","2,790.49","2,480.00","3,451.25",72,-4.83%,15.35%,14.29%,7.46%,
2017,Second,North Sydney,Strata,895.75,"1,301.04","1,170.00","1,629.00",340,0.86%,22.71%,17.65%,1.19%,
2017,Second,Randwick,Total,930.00,"1,592.71","1,290.00","1,950.00",437,6.97%,8.86%,8.44%,-16.12%,
2017,Second,Randwick,Non Strata,"1,823.75","2,459.82","2,295.00","3,001.75",168,3.38%,11.95%,22.63%,-13.85%,
2017,Second,Randwick,Strata,850.00,"1,051.18",972.00,"1,230.00",269,1.89%,10.45%,1.13%,-17.48%,
2017,Second,Sydney,Total,768.50,"1,139.82","1,009.00","1,400.00","1,262",1.56%,6.21%,15.36%,-7.48%,
2017,Second,Sydney,Non Strata,"1,500.00","1,890.66","1,780.00","2,200.00",173,-7.29%,9.88%,30.08%,-18.40%,
2017,Second,Sydney,Strata,740.00,"1,020.54",935.00,"1,250.00","1,089",0.54%,8.09%,13.32%,-5.47%,
2017,Second,Waverley,Total,"1,010.00","1,779.33","1,360.00","2,330.00",353,-7.17%,3.82%,12.06%,-6.37%,
2017,Second,Waverley,Non Strata,"2,450.00","3,135.60","2,900.00","3,500.00",101,4.04%,7.41%,17.44%,-12.93%,
2017,Second,Waverley,Strata,913.75,"1,235.75","1,152.50","1,435.00",252,-8.53%,17.01%,10.04%,-3.45%,
2017,Second,Woollahra,Total,"1,400.00","2,758.40","2,225.00","3,525.00",301,-5.32%,14.10%,4.51%,-11.21%,
2017,Second,Woollahra,Non Strata,"2,417.50","4,169.69","3,625.00","5,587.50",120,5.07%,-0.82%,11.11%,-18.37%,
2017,Second,Woollahra,Strata,"1,150.00","1,822.74","1,500.00","2,250.00",181,-3.23%,16.50%,0.56%,-5.73%,
2017,Second,Total,Total,694.75,"1,213.96",910.00,"1,388.50","6,304",5.81%,9.31%,9.56%,-2.61%,
2017,Second,Total,Non Strata,"1,060.00","1,760.02","1,425.00","1,951.00","2,821",3.94%,18.75%,17.79%,-4.50%,
2017,Second,Total,Strata,605.00,771.69,722.00,875.00,"3,483",3.14%,6.18%,3.69%,-1.02%,
2017,Second,Bayside,Total,700.00,992.52,855.00,"1,210.00",713,3.01%,6.11%,5.47%,-1.52%,
2017,Second,Bayside,Non Strata,"1,261.25","1,498.63","1,450.00","1,700.00",194,-1.93%,15.08%,7.78%,-8.49%,
2017,Second,Bayside,Strata,665.00,803.34,765.00,898.00,519,4.79%,7.59%,4.64%,1.37%,
2017,Second,Burwood,Total,820.50,"4,199.15","1,045.00","2,200.00",142,27.21%,16.11%,26.79%,6.77%,
2017,Second,Burwood,Non Strata,"1,630.00","8,648.05","2,460.00","3,610.00",61,46.21%,66.50%,90.63%,27.08%,
2017,Second,Burwood,Strata,735.00,848.75,852.00,950.00,81,10.43%,9.94%,1.25%,-4.71%,
2017,Second,Canada Bay,Total,870.00,"1,430.41","1,250.00","1,902.50",367,9.65%,15.74%,8.90%,-0.54%,
2017,Second,Canada Bay,Non Strata,"1,855.00","2,230.71","2,155.00","2,575.00",125,0.23%,19.72%,21.36%,-0.79%,
2017,Second,Canada Bay,Strata,790.00,"1,017.03",930.00,"1,250.00",242,-0.40%,8.52%,3.42%,-0.41%,
2017,Second,Canterbury-Bankstown,Total,625.50,892.57,863.00,"1,100.00","1,219",10.85%,10.64%,12.66%,-6.66%,
2017,Second,Canterbury-Bankstown,Non Strata,917.13,"1,105.97","1,051.00","1,265.00",692,5.10%,16.13%,23.13%,-7.98%,
2017,Second,Canterbury-Bankstown,Strata,507.94,612.37,590.40,707.50,527,0.41%,-1.59%,1.35%,-4.87%,
2017,Second,Cumberland,Total,560.00,777.62,730.00,915.55,707,5.04%,5.04%,-3.28%,-4.85%,
2017,Second,Cumberland,Non Strata,820.00,979.64,912.50,"1,080.00",365,2.59%,11.14%,7.35%,-3.44%,
2017,Second,Cumberland,Strata,480.00,562.02,560.00,625.00,342,-3.28%,0.18%,-12.53%,-6.30%,
2017,Second,Georges River,Total,730.00,"1,125.14","1,045.00","1,421.00",511,10.00%,18.75%,16.40%,-11.13%,
2017,Second,Georges River,Non Strata,"1,225.00","1,487.63","1,410.00","1,675.00",263,-2.08%,6.37%,28.29%,-7.39%,
2017,Second,Georges River,Strata,630.00,740.73,724.00,833.75,248,1.97%,4.93%,5.98%,-14.78%,
2017,Second,Hunters Hill,Total,"1,241.00","2,181.70","2,125.00","2,824.50",52,-10.15%,-3.41%,6.12%,10.64%,
2017,Second,Hunters Hill,Non Strata,"2,360.00","3,028.69","2,755.00","3,345.00",s,-16.52%,-13.64%,-10.34%,-7.14%,
2017,Second,Hunters Hill,Strata,838.75,"1,334.71","1,241.00","1,736.88",s,24.72%,3.42%,30.00%,36.84%,
2017,Second,Ku-Ring-Gai,Total,"1,247.50","2,056.90","1,952.50","2,592.50",516,4.97%,22.03%,3.61%,7.28%,
2017,Second,Ku-Ring-Gai,Non Strata,"1,988.75","2,583.99","2,400.00","2,992.50",336,3.90%,27.32%,5.66%,9.09%,
2017,Second,Ku-Ring-Gai,Strata,850.00,"1,072.99",990.95,"1,290.50",180,6.39%,12.61%,0.00%,4.05%,
2017,Second,Parramatta,Total,653.50,964.38,830.00,"1,180.00","1,063",4.40%,4.40%,9.81%,-0.47%,
2017,Second,Parramatta,Non Strata,"1,150.00","1,422.38","1,350.00","1,650.00",361,3.85%,19.68%,12.46%,-5.25%,
2017,Second,Parramatta,Strata,611.25,728.86,700.00,825.00,702,2.19%,4.48%,8.50%,2.18%,
2017,Second,Ryde,Total,686.50,"1,205.05",910.00,"1,677.50",527,2.82%,-5.94%,24.59%,9.79%,
2017,Second,Ryde,Non Strata,"1,600.00","1,889.12","1,830.00","2,051.00",201,1.67%,19.10%,36.73%,-3.37%,
2017,Second,Ryde,Strata,642.00,783.27,736.00,870.00,326,0.00%,-0.20%,18.12%,19.85%,
2017,Second,Strathfield,Total,630.00,"1,192.23",720.00,"1,310.00",168,3.15%,2.86%,1.82%,-31.98%,
2017,Second,Strathfield,Non Strata,"1,860.00","2,586.02","2,420.00","2,911.00",45,7.92%,20.64%,12.50%,-44.44%,
2017,Second,Strathfield,Strata,613.00,682.30,680.00,741.75,123,1.49%,4.62%,-1.60%,-25.90%,
2017,Second,Willoughby,Total,981.00,"1,805.14","1,580.00","2,407.50",319,10.88%,5.26%,16.42%,6.33%,
2017,Second,Willoughby,Non Strata,"2,019.50","2,613.39","2,439.00","3,063.75",152,-3.12%,7.78%,28.81%,2.70%,
2017,Second,Willoughby,Strata,850.00,"1,069.48",998.37,"1,255.00",167,2.40%,16.77%,7.05%,9.87%,
2017,Second,Total,Total,620.50,935.41,780.00,"1,110.00","9,242",5.41%,13.87%,-1.52%,-8.87%,
2017,Second,Total,Non Strata,670.00,"1,013.08",830.00,"1,225.00","6,871",6.41%,14.17%,0.19%,-8.01%,
2017,Second,Total,Strata,493.00,710.34,640.00,855.00,"2,371",4.07%,11.30%,-6.17%,-11.26%,
2017,Second,Blacktown,Total,620.00,750.63,737.00,880.00,"1,029",1.70%,15.16%,-9.34%,-11.90%,
2017,Second,Blacktown,Non Strata,671.05,795.08,780.00,905.00,842,1.30%,15.56%,-6.96%,-10.71%,
2017,Second,Blacktown,Strata,470.00,550.46,550.00,635.00,187,-2.75%,9.98%,-18.70%,-16.89%,
2017,Second,Blue Mountains,Total,590.00,702.11,680.00,805.00,351,5.43%,18.26%,0.00%,-10.23%,
2017,Second,Blue Mountains,Non Strata,595.00,710.51,685.00,815.00,333,4.26%,17.09%,2.78%,-10.72%,
2017,Second,Blue Mountains,Strata,474.75,546.68,510.00,616.25,s,0.79%,1.59%,-33.33%,0.00%,
2017,Second,Camden,Total,675.00,773.54,745.00,840.00,392,1.65%,6.43%,-4.62%,9.50%,
2017,Second,Camden,Non Strata,683.25,784.61,750.00,850.00,375,1.35%,4.90%,-2.60%,13.29%,
2017,Second,Camden,Strata,430.00,529.31,520.00,579.00,s,0.97%,-5.02%,-34.62%,-37.04%,
2017,Second,Campbelltown,Total,545.00,624.46,620.00,700.00,533,0.81%,12.73%,-9.97%,-21.39%,
2017,Second,Campbelltown,Non Strata,596.00,666.81,645.00,725.00,409,1.11%,13.16%,-12.98%,-17.87%,
2017,Second,Campbelltown,Strata,449.50,484.79,485.00,520.00,124,5.55%,11.82%,1.64%,-31.11%,
2017,Second,Central Coast,Total,520.00,678.16,635.00,770.00,"1,665",4.10%,17.38%,-11.29%,-9.17%,
2017,Second,Central Coast,Non Strata,556.14,715.96,660.00,815.00,"1,342",3.94%,15.79%,-8.40%,-7.13%,
2017,Second,Central Coast,Strata,410.00,521.11,485.00,617.50,323,-0.92%,12.14%,-21.60%,-16.75%,
2017,Second,Fairfield,Total,640.00,771.48,790.00,899.63,408,3.88%,12.86%,9.68%,-16.22%,
2017,Second,Fairfield,Non Strata,750.00,861.14,840.00,922.25,322,4.87%,12.75%,17.09%,-15.04%,
2017,Second,Fairfield,Strata,395.00,435.80,440.00,478.00,86,0.23%,4.76%,-11.34%,-20.37%,
2017,Second,Hawkesbury,Total,636.25,926.04,785.00,"1,200.00",254,17.43%,18.27%,0.00%,-7.30%,
2017,Second,Hawkesbury,Non Strata,695.00,999.24,825.00,"1,275.00",221,19.57%,9.27%,2.31%,-5.56%,
2017,Second,Hawkesbury,Strata,375.00,435.83,451.00,530.00,33,-0.61%,-5.45%,-13.16%,-17.50%,
2017,Second,Hornsby,Total,789.00,"1,260.76","1,260.00","1,600.00",551,11.50%,24.14%,19.52%,-2.13%,
2017,Second,Hornsby,Non Strata,"1,300.00","1,538.19","1,490.00","1,735.00",353,6.47%,21.14%,25.18%,-1.94%,
2017,Second,Hornsby,Strata,657.00,766.16,723.75,820.40,198,2.37%,6.43%,10.61%,-2.46%,
2017,Second,Liverpool,Total,610.00,766.38,750.50,890.00,602,0.74%,8.61%,-6.38%,-10.81%,
2017,Second,Liverpool,Non Strata,725.00,862.17,820.00,950.00,443,1.23%,9.33%,-3.90%,-12.97%,
2017,Second,Liverpool,Strata,418.50,499.51,510.00,570.00,159,-3.77%,4.29%,-12.64%,-4.22%,
2017,Second,Northern Beaches,Total,910.75,"1,522.81","1,488.10","1,900.00","1,028",-2.10%,14.43%,5.11%,-6.03%,
2017,Second,Northern Beaches,Non Strata,"1,590.00","2,020.68","1,850.00","2,272.50",527,-1.75%,14.55%,0.57%,-8.67%,
2017,Second,Northern Beaches,Strata,750.00,999.10,900.00,"1,190.00",501,-3.79%,10.43%,10.35%,-3.09%,
2017,Second,Penrith,Total,559.00,680.92,669.00,760.00,701,2.92%,13.39%,-12.48%,-19.05%,
2017,Second,Penrith,Non Strata,650.00,756.58,710.00,810.00,507,1.43%,12.18%,-10.58%,-24.10%,
2017,Second,Penrith,Strata,430.00,483.21,500.00,545.00,194,-1.96%,7.99%,-17.09%,-2.02%,
2017,Second,Sutherland Shire,Total,884.00,"1,226.85","1,165.00","1,448.00",968,7.82%,27.32%,16.91%,0.73%,
2017,Second,Sutherland Shire,Non Strata,"1,150.00","1,468.80","1,350.00","1,700.00",573,3.65%,17.39%,36.43%,17.90%,
2017,Second,Sutherland Shire,Strata,670.00,875.86,820.00,"1,012.50",395,5.13%,17.14%,-3.19%,-16.84%,
2017,Second,The Hills Shire,Total,"1,000.00","1,328.13","1,260.00","1,557.50",575,1.94%,14.55%,13.41%,0.52%,
2017,Second,The Hills Shire,Non Strata,"1,196.75","1,474.85","1,365.00","1,676.25",444,3.37%,12.62%,11.56%,-1.77%,
2017,Second,The Hills Shire,Strata,740.00,830.82,855.00,945.00,131,2.03%,11.04%,20.18%,9.17%,
2017,Second,Wollondilly,Total,605.00,870.20,755.00,"1,075.00",185,-0.07%,8.63%,5.71%,-16.29%,
2017,Second,Wollondilly,Non Strata,610.00,883.56,766.25,"1,103.00",180,-0.16%,8.30%,8.43%,-15.89%,
2017,Second,Wollondilly,Strata,-,-,-,-,-,-,-,-,-,
2017,Second,Total,Total,405.00,547.33,502.00,650.00,"2,784",0.60%,10.33%,-8.03%,-7.88%,
2017,Second,Total,Non Strata,420.00,562.63,523.00,670.00,"2,301",1.55%,10.69%,-5.74%,-6.58%,
2017,Second,Total,Strata,355.50,474.41,435.10,560.00,483,3.60%,10.15%,-17.58%,-13.60%,
2017,Second,Cessnock,Total,290.00,387.02,349.00,433.30,321,4.18%,10.79%,14.64%,13.43%,
2017,Second,Cessnock,Non Strata,300.00,398.55,356.00,448.25,288,2.15%,10.90%,15.20%,12.50%,
2017,Second,Cessnock,Strata,252.00,286.35,285.00,310.00,33,-0.70%,7.55%,10.00%,22.22%,
2017,Second,Lake Macquarie,Total,450.00,577.91,545.00,671.00,885,2.83%,14.74%,-10.88%,-14.41%,
2017,Second,Lake Macquarie,Non Strata,465.00,592.32,560.00,690.00,781,1.82%,14.29%,-7.24%,-12.64%,
2017,Second,Lake Macquarie,Strata,395.00,469.74,448.50,540.75,104,6.79%,14.69%,-31.13%,-25.71%,
2017,Second,Maitland,Total,350.00,449.36,431.00,509.00,429,0.47%,2.62%,0.00%,5.15%,
2017,Second,Maitland,Non Strata,360.00,462.36,448.00,522.50,385,1.82%,4.17%,2.12%,2.94%,
2017,Second,Maitland,Strata,283.75,335.63,326.50,376.25,44,12.98%,9.29%,-15.38%,29.41%,
2017,Second,Newcastle,Total,473.75,647.64,595.00,740.00,775,8.18%,20.93%,-9.14%,-8.82%,
2017,Second,Newcastle,Non Strata,510.00,688.34,625.50,750.50,556,9.74%,22.65%,-9.15%,-7.02%,
2017,Second,Newcastle,Strata,420.00,544.30,480.00,645.00,219,2.13%,8.60%,-9.13%,-13.10%,
2017,Second,Port Stephens,Total,385.00,517.06,480.00,640.00,374,-3.81%,6.67%,-20.76%,-16.33%,
2017,Second,Port Stephens,Non Strata,401.00,537.84,516.50,655.00,291,-2.25%,7.60%,-19.17%,-14.66%,
2017,Second,Port Stephens,Strata,328.00,444.19,410.00,495.00,83,0.43%,10.96%,-25.89%,-21.70%,
2017,Second,Total,Total,557.50,733.75,678.75,850.00,"1,186",4.42%,15.24%,1.89%,-8.84%,
2017,Second,Total,Non Strata,617.50,801.70,750.00,911.50,843,4.17%,17.19%,3.44%,-7.77%,
2017,Second,Total,Strata,480.00,566.73,550.00,640.00,343,2.80%,11.11%,-1.72%,-11.37%,
2017,Second,Kiama,Total,651.25,857.61,794.00,957.50,111,-3.76%,11.83%,5.71%,-12.60%,
2017,Second,Kiama,Non Strata,730.00,917.53,829.00,"1,026.00",89,-2.47%,9.51%,-3.26%,-13.59%,
2017,Second,Kiama,Strata,500.45,615.21,610.00,638.63,s,-6.15%,7.87%,69.23%,-8.33%,
2017,Second,Shellharbour,Total,551.25,664.66,635.00,728.75,270,7.63%,18.97%,-2.53%,-23.73%,
2017,Second,Shellharbour,Non Strata,580.00,700.32,672.50,770.00,220,8.47%,16.96%,-1.35%,-20.00%,
2017,Second,Shellharbour,Strata,480.00,507.74,507.50,553.75,50,3.68%,12.78%,-7.41%,-36.71%,
2017,Second,Wollongong,Total,550.00,739.84,680.00,860.00,805,3.03%,14.29%,2.94%,-1.83%,
2017,Second,Wollongong,Non Strata,620.00,824.16,785.00,950.00,534,6.08%,18.94%,6.80%,-0.37%,
2017,Second,Wollongong,Strata,480.00,573.68,560.00,657.50,271,3.32%,9.27%,-3.90%,-4.58%,
2017,Second,Total,Total,288.50,449.94,400.00,550.00,"8,711",1.27%,6.95%,-3.65%,-6.05%,
2017,Second,Total,Non Strata,292.50,458.56,415.00,570.00,"7,427",2.47%,8.50%,-2.89%,-5.46%,
2017,Second,Total,Strata,266.88,400.11,350.00,443.50,"1,284",4.48%,6.22%,-7.82%,-9.32%,
2017,Second,Albury,Total,237.00,320.43,290.00,392.50,233,-3.97%,-5.84%,-8.98%,-6.43%,
2017,Second,Albury,Non Strata,268.50,350.73,320.00,419.00,187,-8.57%,0.00%,-7.88%,-10.10%,
2017,Second,Albury,Strata,137.13,197.24,206.00,235.75,46,3.00%,8.42%,-13.21%,12.20%,
2017,Second,Armidale Regional,Total,290.00,361.57,345.00,431.00,103,6.15%,-3.09%,-8.85%,-0.96%,
2017,Second,Armidale Regional,Non Strata,291.25,372.99,352.50,445.00,95,6.82%,-5.37%,-5.00%,5.56%,
2017,Second,Armidale Regional,Strata,-,-,-,-,-,-,-,-,-,
2017,Second,Ballina,Total,455.00,616.27,587.50,703.75,188,5.52%,11.48%,-17.54%,-17.18%,
2017,Second,Ballina,Non Strata,563.75,695.14,639.50,762.50,124,2.85%,8.39%,-10.14%,-9.49%,
2017,Second,Ballina,Strata,343.75,463.47,424.00,575.63,64,-4.07%,3.92%,-28.89%,-28.89%,
2017,Second,Balranald,Total,-,-,-,-,-,-,-,-,-,
2017,Second,Balranald,Non Strata,-,-,-,-,-,-,-,-,-,
2017,Second,Balranald,Strata,-,-,-,-,-,-,-,-,-,
2017,Second,Bathurst Regional,Total,325.00,426.23,405.00,495.00,241,-1.10%,5.88%,-4.74%,16.43%,
2017,Second,Bathurst Regional,Non Strata,350.00,436.95,417.00,500.00,223,-1.30%,4.25%,-1.76%,24.58%,
2017,Second,Bathurst Regional,Strata,233.75,293.44,280.00,323.75,s,-4.27%,10.45%,-30.77%,-35.71%,
2017,Second,Bega Valley,Total,320.00,431.58,420.00,519.00,197,5.26%,11.11%,-7.51%,-13.97%,
2017,Second,Bega Valley,Non Strata,390.00,480.05,460.00,559.83,146,3.08%,9.52%,-10.43%,-17.51%,
2017,Second,Bega Valley,Strata,221.25,292.83,285.00,346.75,51,-4.84%,14.00%,2.00%,-1.92%,
2017,Second,Bellingen,Total,420.00,556.79,545.00,669.00,57,6.34%,7.50%,-22.97%,-17.39%,
2017,Second,Bellingen,Non Strata,438.38,561.55,547.50,671.50,56,3.69%,7.99%,-21.13%,-18.84%,
2017,Second,Bellingen,Strata,-,-,-,-,-,-,-,-,-,
2017,Second,Berrigan,Total,175.00,241.62,222.50,300.00,33,13.38%,21.25%,-8.33%,-13.16%,
2017,Second,Berrigan,Non Strata,195.75,249.65,225.00,307.50,s,14.65%,22.62%,-16.67%,-21.05%,
2017,Second,Berrigan,Strata,-,-,-,-,-,-,-,-,-,
2017,Second,Bland,Total,124.00,185.63,165.00,212.50,s,15.38%,10.00%,21.05%,-8.00%,
2017,Second,Bland,Non Strata,124.00,185.63,165.00,212.50,s,15.38%,10.00%,21.05%,-8.00%,
2017,Second,Bland,,,,,,,,,,,
2017,Second,Blayney,Total,238.75,324.77,271.75,361.00,32,-19.48%,-9.11%,-23.81%,-8.57%,
2017,Second,Blayney,Non Strata,238.75,324.77,271.75,361.00,32,-19.48%,-9.11%,-23.81%,-8.57%,
2017,Second,Blayney,Strata,-,-,-,-,-,-,-,-,-,
2017,Second,Bogan,Total,-,-,-,-,-,-,-,-,-,
2017,Second,Bogan,Non Strata,-,-,-,-,-,-,-,-,-,
2017,Second,Bogan,Strata,-,-,-,-,-,-,-,-,-,
2017,Second,Bourke,Total,-,-,-,-,-,-,-,-,-,
2017,Second,Bourke,Non Strata,-,-,-,-,-,-,-,-,-,
2017,Second,Bourke,Strata,-,-,-,-,-,-,-,-,-,
2017,Second,Brewarrina,Total,-,-,-,-,-,-,-,-,-,
2017,Second,Brewarrina,Non Strata,-,-,-,-,-,-,-,-,-,
2017,Second,Broken Hill,Total,65.75,109.88,87.50,150.50,68,-16.67%,-1.13%,-17.07%,11.48%,
2017,Second,Broken Hill,Non Strata,65.75,109.88,87.50,150.50,68,-16.67%,-1.13%,-17.07%,11.48%,
2017,Second,Broken Hill,Strata,-,-,-,-,-,-,-,-,-,
2017,Second,Byron,Total,685.00,"1,018.47",842.50,"1,256.25",156,-7.42%,15.17%,-1.89%,-24.27%,
2017,Second,Byron,Non Strata,777.50,"1,091.30",940.00,"1,285.00",111,0.00%,24.67%,-5.13%,-32.32%,
2017,Second,Byron,Strata,640.00,838.82,735.00,900.00,45,0.00%,22.81%,7.14%,7.14%,
2017,Second,Cabonne,Total,185.00,372.15,345.00,512.13,36,19.48%,39.11%,-14.29%,-33.33%,
2017,Second,Cabonne,Non Strata,185.00,372.15,345.00,512.13,36,19.48%,39.11%,-14.29%,-33.33%,
2017,Second,Cabonne,Strata,-,-,-,-,-,-,-,-,-,
2017,Second,Carrathool,Total,-,-,-,-,-,-,-,-,-,
2017,Second,Carrathool,Non Strata,-,-,-,-,-,-,-,-,-,
2017,Second,Carrathool,Strata,-,-,-,-,-,-,-,-,-,
2017,Second,Central Darling,Total,-,-,-,-,-,-,-,-,-,
2017,Second,Central Darling,Non Strata,-,-,-,-,-,-,-,-,-,
2017,Second,Central Darling,Strata,-,-,-,-,-,-,-,-,-,
2017,Second,Clarence Valley,Total,290.00,390.48,372.50,470.00,288,0.95%,12.88%,10.77%,6.67%,
2017,Second,Clarence Valley,Non Strata,284.50,387.57,370.00,465.25,248,-1.33%,10.45%,8.77%,6.44%,
2017,Second,Clarence Valley,Strata,315.25,408.56,391.50,483.13,40,21.40%,22.34%,25.00%,8.11%,
2017,Second,Cobar,Total,150.00,182.05,175.00,210.00,s,59.45%,-21.35%,50.00%,162.50%,
2017,Second,Cobar,Non Strata,150.00,182.05,175.00,210.00,s,59.45%,-21.35%,50.00%,162.50%,
2017,Second,Cobar,Strata,-,-,-,-,-,-,-,-,-,
2017,Second,Coffs Harbour,Total,360.00,490.92,459.00,600.00,368,2.00%,8.90%,-1.87%,-8.46%,
2017,Second,Coffs Harbour,Non Strata,425.00,546.89,512.25,650.00,260,5.84%,9.57%,-0.76%,-4.41%,
2017,Second,Coffs Harbour,Strata,295.00,356.18,342.50,399.25,108,-2.14%,9.25%,-4.42%,-16.92%,
2017,Second,Coolamon,Total,105.00,223.26,200.00,300.00,s,-19.68%,-5.88%,-5.56%,-5.56%,
2017,Second,Coolamon,Non Strata,105.00,223.26,200.00,300.00,s,-19.68%,-5.88%,-5.56%,-5.56%,
2017,Second,Coolamon,Strata,-,-,-,-,-,-,-,-,-,
2017,Second,Coonamble,Total,87.50,128.64,118.00,171.25,s,-10.94%,-1.67%,75.00%,55.56%,
2017,Second,Coonamble,Non Strata,87.50,128.64,118.00,171.25,s,-10.94%,-1.67%,75.00%,55.56%,
2017,Second,Coonamble,Strata,-,-,-,-,-,-,-,-,-,
2017,Second,Gundagai,Total,174.75,268.98,244.00,348.75,44,16.19%,22.00%,-10.20%,2.33%,
2017,Second,Gundagai,Non Strata,174.75,268.98,244.00,348.75,44,16.19%,22.00%,-10.20%,2.33%,
2017,Second,Gundagai,Strata,-,-,-,-,-,-,-,-,-,
2017,Second,Cowra,Total,162.50,225.25,214.00,281.25,56,-6.63%,-16.08%,3.70%,19.15%,
2017,Second,Cowra,Non Strata,162.50,225.25,214.00,281.25,56,-6.63%,-16.08%,3.70%,19.15%,
2017,Second,Cowra,Strata,-,-,-,-,-,-,-,-,-,
2017,Second,Western Plains Regional,Total,260.00,342.39,333.00,400.00,228,0.91%,-0.89%,10.14%,9.09%,
2017,Second,Western Plains Regional,Non Strata,263.75,344.15,333.00,400.50,216,0.30%,-2.06%,9.64%,12.50%,
2017,Second,Western Plains Regional,Strata,233.50,310.71,337.50,361.25,s,48.35%,18.21%,20.00%,-29.41%,
2017,Second,Dungog,Total,348.50,594.27,525.00,784.00,38,11.11%,9.38%,-13.64%,31.03%,
2017,Second,Dungog,Non Strata,348.50,594.27,525.00,784.00,38,11.11%,9.38%,-13.64%,31.03%,
2017,Second,Dungog,,,,,,,,,,,
2017,Second,Edward River,Total,185.00,239.22,210.00,258.00,s,-6.67%,0.96%,-41.86%,-10.71%,
2017,Second,Edward River,Non Strata,185.00,239.22,210.00,258.00,s,-6.67%,0.96%,-41.86%,-10.71%,
2017,Second,Edward River,Strata,-,-,-,-,-,-,-,-,-,
2017,Second,Eurobodalla,Total,352.25,453.50,432.50,537.88,324,2.98%,14.57%,3.51%,18.68%,
2017,Second,Eurobodalla,Non Strata,375.00,480.15,450.00,558.00,262,0.56%,9.76%,3.97%,15.93%,
2017,Second,Eurobodalla,Strata,256.25,340.92,336.00,414.38,62,29.73%,20.00%,1.64%,31.91%,
2017,Second,Federation,Total,220.00,282.93,280.00,355.00,49,21.74%,6.67%,-25.76%,-23.44%,
2017,Second,Federation,Non Strata,227.50,285.34,287.50,355.00,45,25.00%,9.52%,-13.46%,-19.64%,
2017,Second,Federation,Strata,-,-,-,-,-,-,-,-,-,
2017,Second,Forbes,Total,209.00,275.46,260.00,310.00,s,11.83%,-0.38%,-15.62%,-20.59%,
2017,Second,Forbes,Non Strata,209.00,275.46,260.00,310.00,s,11.83%,-0.38%,-15.62%,-20.59%,
2017,Second,Forbes,Strata,-,-,-,-,-,-,-,-,-,
2017,Second,Gilgandra,Total,-,-,-,-,-,-,-,-,-,
2017,Second,Gilgandra,Non Strata,-,-,-,-,-,-,-,-,-,
2017,Second,Gilgandra,Strata,-,-,-,-,-,-,-,-,-,
2017,Second,Glen Innes Severn,Total,140.00,207.52,175.00,274.50,41,-18.98%,-22.22%,36.67%,32.26%,
2017,Second,Glen Innes Severn,Non Strata,140.00,207.52,175.00,274.50,41,-18.98%,-22.22%,36.67%,32.26%,
2017,Second,Glen Innes Severn,Strata,-,-,-,-,-,-,-,-,-,
2017,Second,Goulburn Mulwaree,Total,345.00,443.85,424.00,505.00,181,4.95%,16.16%,23.13%,1.69%,
2017,Second,Goulburn Mulwaree,Non Strata,350.00,456.74,430.00,518.50,163,4.50%,15.44%,20.74%,-4.12%,
2017,Second,Goulburn Mulwaree,Strata,285.00,327.08,334.75,362.75,s,-7.69%,5.43%,50.00%,125.00%,
2017,Second,Greater Hume Shire,Total,133.00,271.91,202.00,354.50,39,14.77%,-7.66%,-25.00%,8.33%,
2017,Second,Greater Hume Shire,Non Strata,131.50,274.59,213.50,369.25,38,21.31%,-2.40%,-26.92%,5.56%,
2017,Second,Greater Hume Shire,Strata,-,-,-,-,-,-,-,-,-,
2017,Second,Griffith,Total,238.00,324.04,310.00,393.00,93,-1.59%,6.16%,24.00%,-7.00%,
2017,Second,Griffith,Non Strata,239.50,328.07,319.50,400.00,88,-0.16%,7.94%,20.55%,-6.38%,
2017,Second,Griffith,Strata,-,-,-,-,-,-,-,-,-,
2017,Second,Gunnedah,Total,240.13,381.24,354.00,475.75,50,1.14%,-5.60%,11.11%,21.95%,
2017,Second,Gunnedah,Non Strata,233.75,357.36,351.50,461.25,46,-0.28%,-5.64%,4.55%,21.05%,
2017,Second,Gunnedah,Strata,-,-,-,-,-,-,-,-,-,
2017,Second,Gwydir,Total,-,-,-,-,-,-,-,-,-,
2017,Second,Gwydir,Non Strata,-,-,-,-,-,-,-,-,-,
2017,Second,Gwydir,Strata,-,-,-,-,-,-,-,-,-,
2017,Second,Hay,Total,65.00,135.28,136.00,205.00,s,4.62%,45.07%,77.78%,33.33%,
2017,Second,Hay,Non Strata,65.00,135.28,136.00,205.00,s,4.62%,45.07%,77.78%,33.33%,
2017,Second,Hay,Strata,-,-,-,-,-,-,-,-,-,
2017,Second,Hilltops,Total,190.00,261.07,238.89,310.00,72,-11.52%,-5.01%,-8.86%,-16.28%,
2017,Second,Hilltops,Non Strata,190.00,261.07,238.89,310.00,72,-11.52%,-5.01%,-8.86%,-16.28%,
2017,Second,Hilltops,Strata,-,-,-,-,-,-,-,-,-,
2017,Second,Inverell,Total,203.00,270.79,242.00,330.28,57,3.86%,5.22%,-1.72%,3.64%,
2017,Second,Inverell,Non Strata,203.00,270.79,242.00,330.28,57,3.86%,5.22%,-1.72%,3.64%,
2017,Second,Inverell,Strata,-,-,-,-,-,-,-,-,-,
2017,Second,Junee,Total,187.00,282.76,230.00,358.00,s,-5.35%,17.05%,-9.52%,5.56%,
2017,Second,Junee,Non Strata,187.00,282.76,230.00,358.00,s,-5.35%,17.05%,-9.52%,5.56%,
2017,Second,Junee,Strata,-,-,-,-,-,-,-,-,-,
2017,Second,Kempsey,Total,240.00,348.42,330.00,435.00,125,-5.04%,8.20%,-31.69%,-29.38%,
2017,Second,Kempsey,Non Strata,250.00,360.60,350.00,453.50,107,-2.78%,9.72%,-33.54%,-32.70%,
2017,Second,Kempsey,Strata,220.00,276.06,261.25,345.00,s,-2.34%,13.59%,-18.18%,0.00%,
2017,Second,Kyogle,Total,212.00,300.85,300.00,375.00,37,-6.54%,9.09%,8.82%,-22.92%,
2017,Second,Kyogle,Non Strata,212.00,300.85,300.00,375.00,37,-6.54%,9.09%,8.82%,-22.92%,
2017,Second,Kyogle,Strata,-,-,-,-,-,-,-,-,-,
2017,Second,Lachlan,Total,93.00,153.57,130.00,200.00,s,-25.71%,-25.71%,75.00%,23.53%,
2017,Second,Lachlan,Non Strata,93.00,153.57,130.00,200.00,s,-25.71%,-25.71%,75.00%,23.53%,
2017,Second,Lachlan,Strata,-,-,-,-,-,-,-,-,-,
2017,Second,Leeton,Total,173.75,248.58,256.50,286.88,38,-4.11%,31.54%,5.56%,-15.56%,
2017,Second,Leeton,Non Strata,169.13,249.89,256.50,294.38,36,-10.94%,35.00%,9.09%,-12.20%,
2017,Second,Leeton,Strata,-,-,-,-,-,-,-,-,-,
2017,Second,Lismore,Total,317.50,417.41,389.50,485.00,174,8.50%,11.29%,-9.37%,-11.68%,
2017,Second,Lismore,Non Strata,321.00,426.02,395.00,498.75,158,4.64%,1.28%,-6.51%,-3.07%,
2017,Second,Lismore,Strata,291.75,332.41,321.50,376.25,s,39.78%,44.49%,-30.43%,-52.94%,
2017,Second,Lithgow,Total,269.00,378.35,320.00,404.38,88,14.29%,17.54%,-9.28%,-34.33%,
2017,Second,Lithgow,Non Strata,272.00,379.83,320.00,408.75,87,14.29%,17.54%,-7.45%,-35.07%,
2017,Second,Lithgow,Strata,-,-,-,-,-,-,-,-,-,
2017,Second,Liverpool Plains,Total,138.75,229.61,183.50,298.75,s,-33.27%,-3.42%,-5.26%,-37.93%,
2017,Second,Liverpool Plains,Non Strata,138.75,229.61,183.50,298.75,s,-33.27%,-3.42%,-5.26%,-37.93%,
2017,Second,Liverpool Plains,Strata,-,-,-,-,-,-,-,-,-,
2017,Second,Lockhart,Total,-,-,-,-,-,-,-,-,-,
2017,Second,Lockhart,Non Strata,-,-,-,-,-,-,-,-,-,
2017,Second,Lockhart,Strata,-,-,-,-,-,-,-,-,-,
2017,Second,Mid-Coast,Total,312.38,435.65,415.00,520.00,636,1.22%,15.76%,-0.47%,-3.34%,
2017,Second,Mid-Coast,Non Strata,345.00,459.61,430.00,547.50,511,-1.38%,16.22%,6.02%,-2.29%,
2017,Second,Mid-Coast,Strata,260.00,337.72,319.45,420.00,125,-5.77%,8.29%,-20.38%,-7.41%,
2017,Second,Mid-Western Regional,Total,287.00,378.71,345.00,460.00,137,-4.70%,-1.43%,9.60%,-2.14%,
2017,Second,Mid-Western Regional,Non Strata,289.75,383.36,350.00,460.63,132,-3.38%,0.00%,6.45%,-2.94%,
2017,Second,Mid-Western Regional,Strata,-,-,-,-,-,-,-,-,-,
2017,Second,Moree Plains,Total,95.00,175.17,130.00,284.00,45,-25.71%,-20.25%,12.50%,28.57%,
2017,Second,Moree Plains,Non Strata,95.00,175.17,130.00,284.00,45,-25.71%,-20.25%,12.50%,28.57%,
2017,Second,Moree Plains,Strata,-,-,-,-,-,-,-,-,-,
2017,Second,Murray River,Total,210.00,320.40,305.00,419.00,45,-12.86%,-11.34%,-28.57%,18.42%,
2017,Second,Murray River,Non Strata,220.00,330.50,310.00,440.00,41,-14.48%,-13.89%,-12.77%,17.14%,
2017,Second,Murray River,Strata,-,-,-,-,-,-,-,-,-,
2017,Second,Murrumbidgee,Total,-,-,-,-,-,-,-,-,-,
2017,Second,Murrumbidgee,Non Strata,-,-,-,-,-,-,-,-,-,
2017,Second,,Strata,-,-,-,-,-,-,-,-,-,
2017,Second,Muswellbrook,Total,228.75,303.16,298.50,375.50,60,16.49%,19.40%,25.00%,50.00%,
2017,Second,Muswellbrook,Non Strata,235.00,311.07,312.50,377.75,56,21.95%,21.12%,16.67%,47.37%,
2017,Second,Muswellbrook,Strata,-,-,-,-,-,-,-,-,-,
2017,Second,Nambucca,Total,288.88,373.27,348.00,448.75,82,-4.66%,0.94%,-24.07%,-24.07%,
2017,Second,Nambucca,Non Strata,298.75,389.81,372.00,463.75,72,-3.38%,6.29%,-17.24%,-25.77%,
2017,Second,Nambucca,Strata,-,-,-,-,-,-,-,-,-,
2017,Second,Narrabri,Total,240.25,319.94,287.50,415.00,34,6.48%,-12.88%,3.03%,3.03%,
2017,Second,Narrabri,Non Strata,240.25,319.94,287.50,415.00,34,6.48%,-12.88%,3.03%,3.03%,
2017,Second,Narrabri,Strata,-,-,-,-,-,-,-,-,-,
2017,Second,Narrandera,Total,105.00,160.56,145.00,198.00,s,-13.43%,-18.99%,0.00%,-33.33%,
2017,Second,Narrandera,Non Strata,105.00,160.56,145.00,198.00,s,-13.43%,-18.99%,0.00%,-33.33%,
2017,Second,Narrandera,Strata,-,-,-,-,-,-,-,-,-,
2017,Second,Narromine,Total,178.50,223.28,202.50,251.25,s,-13.46%,3.85%,-27.27%,0.00%,
2017,Second,Narromine,Non Strata,178.50,223.28,202.50,251.25,s,-13.46%,3.85%,-27.27%,0.00%,
2017,Second,Narromine,Strata,-,-,-,-,-,-,-,-,-,
2017,Second,Oberon,Total,376.25,579.53,517.50,692.13,s,50.00%,66.94%,-20.00%,-42.86%,
2017,Second,Oberon,Non Strata,376.25,579.53,517.50,692.13,s,50.00%,66.94%,-20.00%,-42.86%,
2017,Second,Oberon,Strata,-,-,-,-,-,-,-,-,-,
2017,Second,Orange,Total,300.00,389.40,370.00,465.00,237,10.28%,8.19%,5.80%,13.40%,
2017,Second,Orange,Non Strata,314.50,398.45,375.00,469.00,225,7.14%,7.14%,13.64%,16.58%,
2017,Second,Orange,Strata,173.63,219.71,233.50,240.00,s,-8.25%,-9.14%,-53.85%,-25.00%,
2017,Second,Parkes,Total,191.00,245.08,244.75,280.00,38,-1.31%,8.78%,-25.49%,-36.67%,
2017,Second,Parkes,Non Strata,191.00,245.08,244.75,280.00,38,-1.31%,8.78%,-25.49%,-36.67%,
2017,Second,Parkes,Strata,-,-,-,-,-,-,-,-,-,
2017,Second,Port Macquarie-Hastings,Total,424.13,598.63,517.25,650.00,444,4.49%,11.84%,3.26%,-11.38%,
2017,Second,Port Macquarie-Hastings,Non Strata,469.24,581.25,552.25,656.50,318,2.65%,10.45%,1.60%,-11.17%,
2017,Second,Port Macquarie-Hastings,Strata,365.63,642.51,412.50,505.63,126,10.00%,13.01%,7.69%,-11.89%,
2017,Second,Queanbeyan-Palerang Regional,Total,380.00,527.27,508.75,665.00,268,-4.91%,9.41%,8.94%,-9.46%,
2017,Second,Queanbeyan-Palerang Regional,Non Strata,508.75,626.50,620.00,740.00,179,0.81%,14.39%,-0.56%,-15.96%,
2017,Second,Queanbeyan-Palerang Regional,Strata,260.00,327.70,335.00,390.00,89,3.63%,24.07%,34.85%,7.23%,
2017,Second,Richmond Valley,Total,220.00,307.92,291.50,384.00,96,-7.46%,7.17%,-17.95%,-4.00%,
2017,Second,Richmond Valley,Non Strata,220.00,307.72,292.00,387.00,81,-8.75%,3.73%,-14.74%,-10.00%,
2017,Second,Richmond Valley,Strata,220.00,309.03,290.00,361.25,s,-0.77%,18.85%,-31.82%,50.00%,
2017,Second,Shoalhaven,Total,430.00,572.94,525.00,670.00,598,0.00%,13.88%,-13.33%,-12.19%,
2017,Second,Shoalhaven,Non Strata,436.50,586.68,535.00,678.13,552,0.33%,13.83%,-14.81%,-14.15%,
2017,Second,Shoalhaven,Strata,321.25,408.10,370.00,491.25,46,-3.08%,9.96%,9.52%,21.05%,
2017,Second,Singleton,Total,302.50,462.31,437.00,580.00,101,4.67%,9.25%,9.78%,34.67%,
2017,Second,Singleton,Non Strata,314.29,481.83,447.00,587.00,93,-1.76%,11.75%,14.81%,25.68%,
2017,Second,Singleton,Strata,-,-,-,-,-,-,-,-,-,
2017,Second,Snowy Monaro Regional,Total,200.00,340.01,290.00,423.75,142,2.65%,15.95%,22.41%,8.40%,
2017,Second,Snowy Monaro Regional,Non Strata,208.75,357.05,290.00,450.00,103,5.45%,3.57%,28.75%,13.19%,
2017,Second,Snowy Monaro Regional,Strata,190.50,295.00,310.00,357.50,39,4.91%,29.17%,8.33%,-2.50%,
2017,Second,Snowy Valleys,Total,169.25,246.80,237.50,322.50,62,15.85%,-8.65%,12.73%,21.57%,
2017,Second,Snowy Valleys,Non Strata,165.00,246.91,235.00,325.00,61,14.63%,-9.62%,10.91%,19.61%,
2017,Second,Snowy Valleys,Strata,-,-,-,-,-,-,-,-,-,
2017,Second,Tamworth Regional,Total,247.50,353.33,333.00,426.50,255,2.46%,4.06%,-8.60%,-7.61%,
2017,Second,Tamworth Regional,Non Strata,250.50,356.40,340.00,427.25,242,4.62%,6.25%,-7.63%,-7.28%,
2017,Second,Tamworth Regional,Strata,195.00,296.08,244.00,350.00,s,-16.58%,-9.63%,-23.53%,-13.33%,
2017,Second,Temora,Total,170.00,243.00,212.00,317.00,s,-15.54%,-8.82%,-16.67%,-16.67%,
2017,Second,Temora,Non Strata,170.00,243.00,212.00,317.00,s,-15.54%,-8.82%,-16.67%,-16.67%,
2017,Second,Temora,Strara,-,-,-,-,-,-,-,-,-,
2017,Second,Tenterfield,Total,190.75,263.89,252.50,316.25,36,-8.84%,44.29%,24.14%,5.88%,
2017,Second,Tenterfield,Non Strata,190.75,263.89,252.50,316.25,36,-8.84%,44.29%,24.14%,5.88%,
2017,Second,Tenterfield,Strara,-,-,-,-,-,-,-,-,-,
2017,Second,Tweed,Total,426.38,554.33,530.00,665.50,500,0.95%,16.48%,-12.43%,-20.51%,
2017,Second,Tweed,Non Strata,520.23,653.25,621.25,740.00,292,4.94%,16.94%,-14.87%,-17.51%,
2017,Second,Tweed,Strata,335.00,415.45,403.00,489.25,208,4.68%,4.00%,-8.77%,-24.36%,
2017,Second,Upper Hunter Shire,Total,243.75,332.91,312.50,412.50,52,13.64%,4.17%,26.83%,15.56%,
2017,Second,Upper Hunter Shire,Non Strata,243.75,332.91,312.50,412.50,52,13.64%,4.17%,26.83%,15.56%,
2017,Second,Upper Hunter Shire,Strara,-,-,-,-,-,-,-,-,-,
2017,Second,Upper Lachlan Shire,Total,265.00,376.44,331.25,451.88,36,-12.83%,5.16%,9.09%,-2.70%,
2017,Second,Upper Lachlan Shire,Non Strata,265.00,376.44,331.25,451.88,36,-12.83%,5.16%,9.09%,-2.70%,
2017,Second,Upper Lachlan Shire,Strara,-,-,-,-,-,-,-,-,-,
2017,Second,Uralla,Total,260.00,375.41,320.00,475.00,s,20.75%,18.52%,-15.00%,-19.05%,
2017,Second,Uralla,Non Strata,260.00,375.41,320.00,475.00,s,20.75%,18.52%,-15.00%,-19.05%,
2017,Second,Uralla,,,,,,,,,,,
2017,Second,Wagga Wagga,Total,280.38,365.16,345.00,435.00,278,1.10%,6.15%,-9.15%,-4.14%,
2017,Second,Wagga Wagga,Non Strata,293.00,376.11,357.00,437.00,257,2.00%,5.00%,-10.76%,-5.17%,
2017,Second,Wagga Wagga,Strata,195.00,231.12,247.00,268.00,s,8.57%,9.78%,16.67%,10.53%,
2017,Second,Walcha,Total,-,-,-,-,-,-,-,-,-,
2017,Second,Walcha,Non Strata,-,-,-,-,-,-,-,-,-,
2017,Second,Walcha,Strara,-,-,-,-,-,-,-,-,-,
2017,Second,Walgett,Total,-,-,-,-,-,-,-,-,-,
2017,Second,Walgett,Non Strata,-,-,-,-,-,-,-,-,-,
2017,Second,Walgett,Strara,-,-,-,-,-,-,-,-,-,
2017,Second,Warren,Total,-,-,-,-,-,-,-,-,-,
2017,Second,Warren,Non Strata,-,-,-,-,-,-,-,-,-,
2017,Second,Warren,Strara,-,-,-,-,-,-,-,-,-,
2017,Second,Warrumbungle Shire,Total,151.25,219.71,200.00,282.50,34,17.65%,33.33%,3.03%,9.68%,
2017,Second,Warrumbungle Shire,Non Strata,151.25,219.71,200.00,282.50,34,17.65%,33.33%,3.03%,9.68%,
2017,Second,Warrumbungle Shire,Strara,-,-,-,-,-,-,-,-,-,
2017,Second,Weddin,Total,-,-,-,-,-,-,-,-,-,
2017,Second,Weddin,Non Strata,-,-,-,-,-,-,-,-,-,
2017,Second,Weddin,,,,,,,,,,,
2017,Second,Wentworth,Total,185.00,228.09,210.00,260.95,35,-6.67%,-17.65%,52.17%,25.00%,
2017,Second,Wentworth,Non Strata,187.25,230.15,212.00,264.93,34,-9.79%,-20.00%,61.90%,25.93%,
2017,Second,Wentworth,Strata,-,-,-,-,-,-,-,-,-,
2017,Second,Wingecarribee,Total,635.50,986.62,832.50,"1,250.00",294,3.74%,22.43%,0.68%,-8.41%,
2017,Second,Wingecarribee,Non Strata,660.00,"1,020.11",870.00,"1,280.00",265,4.82%,25.18%,4.74%,-5.36%,
2017,Second,Wingecarribee,Strata,455.00,680.57,511.00,830.00,s,-9.07%,-20.78%,-25.64%,-29.27%,
2017,Second,Yass Valley,Total,376.51,609.60,541.25,795.00,58,22.18%,-4.03%,5.45%,-19.44%,
2017,Second,Yass Valley,Non Strata,385.00,614.15,542.50,795.00,57,21.50%,-3.81%,5.56%,-20.83%,
2017,Second,Yass Valley,Strata,-,-,-,-,-,-,-,-,-,
2017,Third,Total,Total,830,1200,1800,1568,"3,671",-4.0%,9.7%,-6.7%,-7.6%,
2017,Third,Total,Non Strata,1600,2068,2800,2440,"1,118",-2.6%,9.1%,-7.0%,-4.4%,
2017,Third,Total,Strata,745,945,1300,1186,"2,553",-2.1%,6.2%,-6.6%,-9.0%,
2017,Third,Inner West,Total,759,1230,1634,1271,739,-3.2%,7.4%,-10.2%,-3.7%,
2017,Third,Inner West,Non Strata,1361,1627,1929,1703,378,-1.4%,9.9%,-11.1%,-1.6%,
2017,Third,Inner West,Strata,653,754,915,820,361,-4.6%,4.7%,-9.3%,-5.7%,
2017,Third,Lane Cove,Total,752,910,2336,1725,187,-20.2%,-0.2%,-0.5%,3.9%,
2017,Third,Lane Cove,Non Strata,2408,2892,4968,3630,59,6.3%,41.8%,-26.3%,18.0%,
2017,Third,Lane Cove,Strata,730,815,922,846,128,-1.0%,1.6%,18.5%,-1.5%,
2017,Third,Mosman,Total,888,1350,3050,2271,165,-38.0%,-31.6%,4.4%,8.6%,
2017,Third,Mosman,Non Strata,2921,3965,5425,4387,56,10.6%,2.4%,-11.1%,-20.0%,
2017,Third,Mosman,Strata,825,1001,1350,1184,109,-19.3%,7.4%,14.7%,32.9%,
2017,Third,North Sydney,Total,887,1183,1663,1375,384,-9.1%,6.8%,-6.8%,-11.9%,
2017,Third,North Sydney,Non Strata,1963,2430,2815,2562,60,-2.0%,-4.1%,-16.7%,0.0%,
2017,Third,North Sydney,Strata,840,1069,1400,1155,324,-8.7%,1.8%,-4.7%,-13.8%,
2017,Third,Randwick,Total,905,1200,2000,1546,449,-7.0%,-0.1%,2.8%,-4.7%,
2017,Third,Randwick,Non Strata,1906,2300,2938,2470,162,0.2%,21.1%,-3.6%,-7.4%,
2017,Third,Randwick,Strata,815,970,1188,1024,287,-0.2%,8.4%,6.7%,-3.0%,
2017,Third,Sydney,Total,740,1000,1400,1143,"1,128",-0.9%,8.5%,-10.6%,-13.9%,
2017,Third,Sydney,Non Strata,1389,1650,2011,1789,190,-7.3%,2.2%,9.8%,-1.0%,
2017,Third,Sydney,Strata,710,900,1229,1013,938,-3.7%,4.7%,-13.9%,-16.1%,
2017,Third,Waverley,Total,1015,1450,2363,1892,323,6.6%,5.5%,-8.5%,-0.6%,
2017,Third,Waverley,Non Strata,2375,2900,4250,3347,97,0.0%,12.1%,-4.0%,-13.4%,
2017,Third,Waverley,Strata,904,1148,1535,1267,226,-0.4%,8.6%,-10.3%,6.1%,
2017,Third,Woollahra,Total,1440,2363,4000,3368,296,6.2%,8.6%,-1.7%,-10.8%,
2017,Third,Woollahra,Non Strata,2243,3053,4225,3503,116,-15.8%,-13.1%,-3.3%,-7.9%,
2017,Third,Woollahra,Strata,1173,1675,3438,3282,180,11.7%,15.6%,-0.6%,-12.6%,
2017,Third,Total,Total,652,850,1275,1068,"6,156",-6.6%,2.4%,-2.4%,-4.9%,
2017,Third,Total,Non Strata,1011,1350,1850,1544,"2,526",-5.3%,8.0%,-10.5%,-10.1%,
2017,Third,Total,Strata,599,685,815,736,"3,630",-5.1%,2.2%,4.2%,-1.0%,
2017,Third,Bayside,Total,671,815,1200,956,630,-4.7%,2.1%,-11.6%,-11.9%,
2017,Third,Bayside,Non Strata,1236,1404,1600,1413,184,-3.2%,5.7%,-5.2%,-4.2%,
2017,Third,Bayside,Strata,640,734,850,767,446,-4.1%,4.3%,-14.1%,-14.7%,
2017,Third,Burwood,Total,750,915,1544,1214,135,-12.4%,-0.1%,-4.9%,8.9%,
2017,Third,Burwood,Non Strata,1481,1889,2279,1913,50,-23.2%,7.0%,-18.0%,47.1%,
2017,Third,Burwood,Strata,700,780,890,802,85,-8.5%,-2.5%,4.9%,-5.6%,
2017,Third,Canada Bay,Total,830,1125,1810,1351,367,-10.0%,-1.8%,0.0%,6.7%,
2017,Third,Canada Bay,Non Strata,1805,2100,2530,2146,109,-2.6%,9.1%,-12.8%,3.8%,
2017,Third,Canada Bay,Strata,773,910,1193,1015,258,-2.2%,-1.1%,6.6%,8.0%,
2017,Third,Canterbury-Bankstown,Total,585,800,1025,835,"1,214",-7.3%,1.3%,-0.4%,-3.7%,
2017,Third,Canterbury-Bankstown,Non Strata,900,1025,1211,1077,608,-2.5%,10.2%,-12.1%,-13.5%,
2017,Third,Canterbury-Bankstown,Strata,500,584,680,592,606,-1.1%,6.1%,15.0%,8.6%,
2017,Third,Cumberland,Total,590,730,900,776,793,0.0%,7.3%,12.2%,-9.1%,
2017,Third,Cumberland,Non Strata,830,905,1100,979,377,-0.8%,7.6%,3.3%,-4.6%,
2017,Third,Cumberland,Strata,515,598,655,593,416,6.8%,6.2%,21.6%,-12.8%,
2017,Third,Georges River,Total,699,978,1429,1129,530,-6.5%,3.4%,3.7%,1.9%,
2017,Third,Georges River,Non Strata,1247,1427,1771,1538,267,1.2%,8.9%,1.5%,0.0%,
2017,Third,Georges River,Strata,630,698,778,714,263,-3.7%,5.7%,6.1%,4.0%,
2017,Third,Hunters Hill,Total,910,1750,2300,1781,49,-17.7%,-6.3%,-5.8%,-12.5%,
2017,Third,Hunters Hill,Non Strata,2233,2638,3503,2818,s,-4.3%,1.3%,-30.8%,-40.0%,
2017,Third,Hunters Hill,Strata,760,960,1500,1178,31,-22.6%,0.5%,19.2%,19.2%,
2017,Third,Ku-Ring-Gai,Total,1009,1808,2411,1857,432,-7.4%,5.3%,-16.3%,-18.3%,
2017,Third,Ku-Ring-Gai,Non Strata,1850,2215,2763,2378,271,-7.7%,10.8%,-19.4%,-24.7%,
2017,Third,Ku-Ring-Gai,Strata,770,895,1112,979,161,-9.7%,1.7%,-10.6%,-4.7%,
2017,Third,Parramatta,Total,625,750,1004,873,"1,078",-9.6%,0.8%,1.4%,-0.8%,
2017,Third,Parramatta,Non Strata,1095,1300,1505,1314,315,-3.7%,13.0%,-12.7%,-13.2%,
2017,Third,Parramatta,Strata,592,665,770,690,763,-5.0%,1.6%,8.7%,5.4%,
2017,Third,Ryde,Total,665,882,1680,1204,477,-3.1%,-1.5%,-9.5%,-3.4%,
2017,Third,Ryde,Non Strata,1667,1855,2200,1983,166,1.4%,19.1%,-17.4%,-8.8%,
2017,Third,Ryde,Strata,635,710,870,788,311,-3.5%,-4.7%,-4.6%,-0.3%,
2017,Third,Strathfield,Total,602,688,854,1083,186,-4.4%,1.2%,10.7%,5.7%,
2017,Third,Strathfield,Non Strata,1710,2320,3100,2575,41,-4.1%,-11.5%,-8.9%,-4.7%,
2017,Third,Strathfield,Strata,599,640,700,661,145,-5.9%,-0.8%,17.9%,9.0%,
2017,Third,Willoughby,Total,970,1370,2510,1799,265,-13.3%,-5.5%,-16.9%,-11.1%,
2017,Third,Willoughby,Non Strata,2179,2603,3050,2774,120,6.7%,9.6%,-21.1%,-11.1%,
2017,Third,Willoughby,Strata,821,985,1168,993,145,-1.3%,9.4%,-13.2%,-11.0%,
2017,Third,Total,Total,615,740,995,892,"10,141",-5.1%,6.5%,9.7%,-2.5%,
2017,Third,Total,Non Strata,650,780,1110,963,"7,411",-6.0%,5.4%,7.9%,-2.0%,
2017,Third,Total,Strata,501,625,795,701,"2,730",-2.3%,5.9%,15.1%,-3.6%,
2017,Third,Blacktown,Total,607,704,850,733,"1,281",-4.6%,6.6%,24.5%,2.1%,
2017,Third,Blacktown,Non Strata,665,755,900,785,973,-3.2%,9.3%,15.6%,-2.8%,
2017,Third,Blacktown,Strata,490,570,650,568,308,3.6%,3.6%,64.7%,21.3%,
2017,Third,Blue Mountains,Total,575,660,760,680,365,-3.0%,11.1%,4.0%,4.3%,
2017,Third,Blue Mountains,Non Strata,585,665,770,686,347,-2.9%,10.8%,4.2%,6.4%,
2017,Third,Blue Mountains,Strata,480,545,644,563,s,6.9%,5.1%,0.0%,-25.0%,
2017,Third,Camden,Total,688,735,821,764,469,-1.3%,4.1%,19.6%,19.6%,
2017,Third,Camden,Non Strata,695,740,830,769,451,-1.3%,3.1%,20.3%,23.9%,
2017,Third,Camden,Strata,571,640,674,625,s,23.1%,18.5%,5.9%,-35.7%,
2017,Third,Campbelltown,Total,565,635,695,631,693,2.4%,11.4%,30.0%,8.3%,
2017,Third,Campbelltown,Non Strata,615,651,718,675,540,0.9%,9.3%,32.0%,10.9%,
2017,Third,Campbelltown,Strata,447,472,505,474,153,-2.7%,5.4%,23.4%,0.0%,
2017,Third,Central Coast,Total,515,625,760,662,"1,821",-1.6%,11.6%,9.4%,-4.8%,
2017,Third,Central Coast,Non Strata,550,650,800,695,"1,468",-1.5%,10.2%,9.4%,-0.3%,
2017,Third,Central Coast,Strata,425,490,595,525,353,1.0%,8.9%,9.3%,-19.8%,
2017,Third,Fairfield,Total,618,760,860,753,457,-3.8%,8.6%,12.0%,-9.3%,
2017,Third,Fairfield,Non Strata,730,805,900,839,350,-4.2%,9.5%,8.7%,-10.7%,
2017,Third,Fairfield,Strata,411,450,523,472,107,2.3%,5.8%,24.4%,-4.5%,
2017,Third,Hawkesbury,Total,625,720,1020,906,273,-8.3%,6.4%,7.5%,-6.2%,
2017,Third,Hawkesbury,Non Strata,647,750,1050,886,231,-9.1%,3.5%,4.5%,-8.7%,
2017,Third,Hawkesbury,Strata,473,541,637,1016,42,19.8%,18.7%,27.3%,10.5%,
2017,Third,Hornsby,Total,740,1138,1500,1158,457,-9.7%,5.4%,-17.1%,-22.9%,
2017,Third,Hornsby,Non Strata,1235,1430,1630,1456,266,-4.0%,8.4%,-24.7%,-29.6%,
2017,Third,Hornsby,Strata,658,711,798,742,191,-1.8%,0.3%,-3.5%,-11.2%,
2017,Third,Liverpool,Total,600,730,850,740,686,-2.7%,5.8%,14.0%,-1.3%,
2017,Third,Liverpool,Non Strata,705,800,910,826,482,-2.5%,5.2%,8.8%,-7.7%,
2017,Third,Liverpool,Strata,450,539,605,537,204,5.6%,10.6%,28.3%,17.9%,
2017,Third,Northern Beaches,Total,932,1503,1926,1566,"1,060",1.0%,9.7%,3.1%,5.1%,
2017,Third,Northern Beaches,Non Strata,1600,1850,2350,2054,542,0.0%,15.6%,2.9%,-0.7%,
2017,Third,Northern Beaches,Strata,780,930,1230,1056,518,3.3%,8.7%,3.4%,11.9%,
2017,Third,Penrith,Total,562,657,750,663,915,-1.8%,9.5%,30.5%,-5.4%,
2017,Third,Penrith,Non Strata,650,700,785,730,641,-1.4%,6.8%,26.4%,-5.7%,
2017,Third,Penrith,Strata,456,515,569,506,274,3.0%,5.1%,41.2%,-4.5%,
2017,Third,Sutherland Shire,Total,767,1050,1347,1116,904,-9.9%,10.5%,-6.6%,-8.8%,
2017,Third,Sutherland Shire,Non Strata,1150,1340,1615,1421,468,-0.7%,8.5%,-18.3%,-2.9%,
2017,Third,Sutherland Shire,Strata,652,757,870,789,436,-7.7%,4.0%,10.4%,-14.3%,
2017,Third,The Hills Shire,Total,1100,1290,1602,1418,560,2.4%,14.7%,-2.6%,-12.0%,
2017,Third,The Hills Shire,Non Strata,1189,1350,1700,1531,467,-1.1%,10.9%,5.2%,-7.3%,
2017,Third,The Hills Shire,Strata,745,845,940,850,93,-1.2%,9.0%,-29.0%,-29.6%,
2017,Third,Wollondilly,Total,600,715,965,813,200,-5.3%,2.2%,8.1%,24.2%,
2017,Third,Wollondilly,Non Strata,625,730,1000,842,185,-4.7%,3.6%,2.8%,17.8%,
2017,Third,Wollondilly,Strata,413,435,498,456,s,14.5%,10.7%,200.0%,275.0%,
2017,Third,Total,Total,405,503,640,537,"3,067",0.1%,8.1%,10.2%,-0.4%,
2017,Third,Total,Non Strata,420,520,653,552,"2,532",-0.6%,8.6%,10.0%,1.9%,
2017,Third,Total,Strata,363,435,530,466,535,0.0%,2.4%,10.8%,-10.1%,
2017,Third,Cessnock,Total,295,350,423,387,367,0.3%,7.7%,14.3%,23.2%,
2017,Third,Cessnock,Non Strata,305,360,445,397,333,1.1%,10.4%,15.6%,22.9%,
2017,Third,Cessnock,Strata,259,290,322,287,34,1.8%,16.0%,3.0%,25.9%,
2017,Third,Lake Macquarie,Total,455,543,665,579,"1,005",-0.4%,10.8%,13.6%,3.1%,
2017,Third,Lake Macquarie,Non Strata,475,560,687,596,882,0.0%,9.8%,12.9%,6.5%,
2017,Third,Lake Macquarie,Strata,390,445,510,461,123,-0.8%,6.0%,18.3%,-16.3%,
2017,Third,Maitland,Total,360,426,511,448,448,-1.1%,6.1%,4.4%,6.2%,
2017,Third,Maitland,Non Strata,372,440,527,460,394,-1.8%,6.0%,2.3%,0.3%,
2017,Third,Maitland,Strata,316,359,382,359,54,10.0%,15.8%,22.7%,86.2%,
2017,Third,Newcastle,Total,475,580,700,609,833,-2.5%,16.0%,7.5%,-8.4%,
2017,Third,Newcastle,Non Strata,500,601,725,638,599,-3.9%,12.3%,7.7%,-5.5%,
2017,Third,Newcastle,Strata,411,490,602,533,234,2.1%,10.5%,6.9%,-14.9%,
2017,Third,Port Stephens,Total,389,487,630,520,414,1.4%,-0.7%,10.7%,-12.8%,
2017,Third,Port Stephens,Non Strata,413,510,653,545,324,-1.3%,2.4%,11.3%,-9.5%,
2017,Third,Port Stephens,Strata,330,405,503,428,90,-1.2%,-4.7%,8.4%,-23.1%,
2017,Third,Total,Total,580,680,830,723,"1,238",0.2%,13.5%,4.4%,-1.2%,
2017,Third,Total,Non Strata,615,730,880,771,892,-2.7%,12.3%,5.8%,4.3%,
2017,Third,Total,Strata,485,583,680,600,346,6.0%,13.1%,0.9%,-13.1%,
2017,Third,Kiama,Total,735,812,1023,893,111,2.3%,8.3%,0.0%,-2.6%,
2017,Third,Kiama,Non Strata,750,850,1035,923,89,2.5%,10.4%,0.0%,1.1%,
2017,Third,Kiama,Strata,575,701,812,772,s,15.0%,25.2%,0.0%,-15.4%,
2017,Third,Shellharbour,Total,561,635,740,666,299,0.0%,19.3%,10.7%,-4.2%,
2017,Third,Shellharbour,Non Strata,590,660,780,700,245,-1.9%,17.4%,11.4%,-2.4%,
2017,Third,Shellharbour,Strata,462,519,581,513,54,2.2%,14.0%,8.0%,-11.5%,
2017,Third,Wollongong,Total,575,685,830,721,828,0.7%,13.3%,2.9%,0.1%,
2017,Third,Wollongong,Non Strata,620,745,900,778,558,-5.1%,9.6%,4.5%,8.1%,
2017,Third,Wollongong,Strata,488,590,690,604,270,5.4%,12.4%,-0.4%,-13.2%,
2017,Third,Total,Total,285,395,540,436,"9,656",-1.3%,6.3%,10.9%,3.6%,
2017,Third,Total,Non Strata,288,405,552,446,"8,300",-2.4%,5.2%,11.8%,5.4%,
2017,Third,Total,Strata,270,345,445,373,"1,356",-1.4%,11.3%,5.6%,-6.4%,
2017,Third,Albury,Total,240,300,375,317,257,3.5%,6.7%,10.3%,10.8%,
2017,Third,Albury,Non Strata,255,325,395,339,212,1.6%,4.8%,13.4%,18.4%,
2017,Third,Albury,Strata,160,218,253,213,45,5.8%,17.8%,-2.2%,-15.1%,
2017,Third,Armidale Regional,Total,278,340,428,357,134,-1.5%,1.5%,30.1%,-6.9%,
2017,Third,Armidale Regional,Non Strata,284,343,434,363,128,-2.8%,-2.1%,34.7%,1.6%,
2017,Third,Armidale Regional,Strata,-,-,-,-,-,-,-,-,-,
2017,Third,Ballina,Total,470,597,725,625,219,1.6%,11.3%,16.5%,-2.2%,
2017,Third,Ballina,Non Strata,534,645,836,703,131,0.9%,7.5%,5.7%,-9.0%,
2017,Third,Ballina,Strata,373,498,623,511,88,17.3%,26.0%,37.5%,10.0%,
2017,Third,Balranald,Total,-,-,-,-,-,-,-,-,-,
2017,Third,Balranald,Non Strata,-,-,-,-,-,-,-,-,-,
2017,Third,Balranald,Strara,-,-,-,-,-,-,-,-,-,
2017,Third,Bathurst Regional,Total,339,420,498,430,231,3.7%,10.5%,-4.2%,4.5%,
2017,Third,Bathurst Regional,Non Strata,357,430,515,444,210,3.1%,9.4%,-5.8%,3.5%,
2017,Third,Bathurst Regional,Strata,260,285,325,288,s,1.8%,12.2%,16.7%,16.7%,
2017,Third,Bega Valley,Total,320,423,570,450,216,0.8%,9.9%,9.6%,6.4%,
2017,Third,Bega Valley,Non Strata,369,489,628,502,164,6.3%,17.8%,12.3%,3.1%,
2017,Third,Bega Valley,Strata,222,250,361,284,52,-12.3%,-7.4%,2.0%,18.2%,
2017,Third,Bellingen,Total,402,478,595,502,57,-12.4%,-4.5%,0.0%,-9.5%,
2017,Third,Bellingen,Non Strata,402,478,595,502,57,-12.8%,-5.9%,1.8%,-8.1%,
2017,Third,Bellingen,Strara,-,-,-,-,-,-,-,-,-,
2017,Third,Berrigan,Total,185,238,284,252,36,6.7%,17.9%,9.1%,-5.3%,
2017,Third,Berrigan,Non Strata,185,238,284,252,36,5.6%,15.2%,20.0%,0.0%,
2017,Third,Berrigan,Strara,-,-,-,-,-,-,-,-,-,
2017,Third,Bland,Total,140,179,250,199,s,8.5%,-1.1%,17.4%,-25.0%,
2017,Third,Bland,Non Strata,140,179,250,199,s,8.5%,-1.1%,17.4%,-25.0%,
2017,Third,Bland,Strara,-,-,-,-,-,-,-,-,-,
2017,Third,Blayney,Total,242,270,338,285,35,-0.6%,-21.2%,9.4%,20.7%,
2017,Third,Blayney,Non Strata,242,270,338,285,35,-0.6%,-21.2%,9.4%,20.7%,
2017,Third,Blayney,Strara,-,-,-,-,-,-,-,-,-,
2017,Third,Bogan,Total,88,134,163,134,s,-11.0%,4.7%,366.7%,0.0%,
2017,Third,Bogan,Non Strata,88,134,163,134,s,-11.0%,4.7%,366.7%,0.0%,
2017,Third,Bogan,Strara,-,-,-,-,-,-,-,-,-,
2017,Third,Bourke,Total,-,-,-,-,-,-,-,-,-,
2017,Third,Bourke,Non Strata,-,-,-,-,-,-,-,-,-,
2017,Third,Bourke,Strara,-,-,-,-,-,-,-,-,-,
2017,Third,Broken Hill,Total,75,110,158,124,75,25.7%,-15.0%,10.3%,13.6%,
2017,Third,Broken Hill,Non Strata,75,110,158,124,75,25.7%,-15.0%,10.3%,13.6%,
2017,Third,Broken Hill,Strara,-,-,-,-,-,-,-,-,-,
2017,Third,Byron,Total,680,840,1200,1011,193,-0.3%,9.1%,23.7%,-4.0%,
2017,Third,Byron,Non Strata,708,906,1304,1073,150,-3.6%,10.5%,35.1%,-2.0%,
2017,Third,Byron,Strata,658,715,845,794,43,-2.7%,13.0%,-4.4%,-10.4%,
2017,Third,Cabonne,Total,210,250,387,340,51,-27.5%,-4.7%,41.7%,10.9%,
2017,Third,Cabonne,Non Strata,210,250,387,340,51,-27.5%,-4.7%,41.7%,10.9%,
2017,Third,Cabonne,Strara,-,-,-,-,-,-,-,-,-,
2017,Third,Carrathool,Total,-,-,-,-,-,-,-,-,-,
2017,Third,Carrathool,Non Strata,-,-,-,-,-,-,-,-,-,
2017,Third,Carrathool,Strara,-,-,-,-,-,-,-,-,-,
2017,Third,Central Darling,Total,-,-,-,-,-,-,-,-,-,
2017,Third,Central Darling,Non Strata,-,-,-,-,-,-,-,-,-,
2017,Third,Central Darling,Strara,-,-,-,-,-,-,-,-,-,
2017,Third,Clarence Valley,Total,287,365,458,380,307,-2.0%,10.6%,6.6%,7.0%,
2017,Third,Clarence Valley,Non Strata,290,385,460,390,265,4.1%,13.2%,6.9%,5.6%,
2017,Third,Clarence Valley,Strata,259,303,344,320,42,-22.7%,-0.8%,5.0%,16.7%,
2017,Third,Cobar,Total,145,180,230,185,s,2.9%,-20.2%,-38.1%,-7.1%,
2017,Third,Cobar,Non Strata,145,180,230,185,s,2.9%,-20.2%,-38.1%,-7.1%,
2017,Third,Cobar,Strara,-,-,-,-,-,-,-,-,-,
2017,Third,Coffs Harbour,Total,390,478,589,494,389,4.1%,11.3%,5.7%,-4.7%,
2017,Third,Coffs Harbour,Non Strata,441,520,625,544,271,1.5%,12.4%,4.2%,-4.6%,
2017,Third,Coffs Harbour,Strata,295,356,448,379,118,3.8%,12.0%,9.3%,-4.8%,
2017,Third,Coolamon,Total,125,191,304,215,s,-4.5%,20.5%,64.7%,55.6%,
2017,Third,Coolamon,Non Strata,125,191,304,215,s,-4.5%,20.5%,64.7%,55.6%,
2017,Third,Coolamon,Strara,-,-,-,-,-,-,-,-,-,
2017,Third,Coonamble,Total,-,-,-,-,-,-,-,-,-,
2017,Third,Coonamble,Non Strata,-,-,-,-,-,-,-,-,-,
2017,Third,Coonamble,Strara,-,-,-,-,-,-,-,-,-,
2017,Third,Gundagai,Total,163,206,274,240,54,-15.6%,-6.4%,22.7%,58.8%,
2017,Third,Gundagai,Non Strata,163,206,274,240,54,-15.6%,-6.4%,22.7%,58.8%,
2017,Third,Gundagai,Strara,-,-,-,-,-,-,-,-,-,
2017,Third,Cowra,Total,194,265,380,297,68,23.8%,27.4%,21.4%,15.3%,
2017,Third,Cowra,Non Strata,194,265,380,297,68,23.8%,24.1%,21.4%,21.4%,
2017,Third,Cowra,Strara,-,-,-,-,-,-,-,-,-,
2017,Third,Western Plains Regional,Total,254,324,417,343,242,-2.9%,-4.9%,6.1%,1.3%,
2017,Third,Western Plains Regional,Non Strata,255,325,420,345,234,-2.4%,-5.4%,8.3%,4.9%,
2017,Third,Western Plains Regional,Strata,-,-,-,-,-,-,-,-,-,
2017,Third,Dungog,Total,308,518,710,538,54,-1.4%,36.2%,42.1%,35.0%,
2017,Third,Dungog,Non Strata,308,518,710,538,54,-1.4%,36.2%,42.1%,35.0%,
2017,Third,,Strara,-,-,-,-,-,-,-,-,-,
2017,Third,Edward River,Total,165,190,238,210,41,-9.5%,-2.6%,64.0%,32.3%,
2017,Third,Edward River,Non Strata,175,199,256,224,36,-5.5%,1.8%,44.0%,16.1%,
2017,Third,Edward River,Strata,-,-,-,-,-,-,-,-,-,
2017,Third,Eurobodalla,Total,353,426,525,439,266,-1.5%,3.9%,-17.9%,-2.6%,
2017,Third,Eurobodalla,Non Strata,390,454,546,473,216,0.8%,7.8%,-17.6%,-0.5%,
2017,Third,Eurobodalla,Strata,231,289,350,293,50,-14.1%,-6.9%,-19.4%,-10.7%,
2017,Third,Federation,Total,205,260,340,276,65,-7.1%,16.9%,32.7%,-4.4%,
2017,Third,Federation,Non Strata,206,260,354,279,59,-9.6%,10.6%,31.1%,1.7%,
2017,Third,Federation,Strata,-,-,-,-,-,-,-,-,-,
2017,Third,Forbes,Total,173,270,373,281,35,3.9%,8.0%,29.6%,-31.4%,
2017,Third,Forbes,Non Strata,173,270,373,281,35,3.9%,8.0%,29.6%,-31.4%,
2017,Third,Forbes,Strara,-,-,-,-,-,-,-,-,-,
2017,Third,Gilgandra,Total,76,126,177,125,s,-21.1%,-15.8%,100.0%,100.0%,
2017,Third,Gilgandra,Non Strata,76,126,177,125,s,-21.1%,-15.8%,100.0%,100.0%,
2017,Third,Gilgandra,Strara,-,-,-,-,-,-,-,-,-,
2017,Third,Glen Innes Severn,Total,155,205,263,212,45,17.1%,20.6%,9.8%,95.7%,
2017,Third,Glen Innes Severn,Non Strata,155,205,263,212,45,17.1%,20.6%,9.8%,95.7%,
2017,Third,Glen Innes Severn,Strara,-,-,-,-,-,-,-,-,-,
2017,Third,Goulburn Mulwaree,Total,335,399,490,420,177,-5.9%,9.2%,-2.2%,-3.3%,
2017,Third,Goulburn Mulwaree,Non Strata,340,405,500,431,162,-5.8%,5.9%,-0.6%,-0.6%,
2017,Third,Goulburn Mulwaree,Strata,228,285,385,301,s,-14.9%,8.8%,-16.7%,-25.0%,
2017,Third,Greater Hume Shire,Total,160,218,270,228,42,7.7%,0.5%,7.7%,0.0%,
2017,Third,Greater Hume Shire,Non Strata,160,218,270,228,42,1.9%,0.5%,10.5%,0.0%,
2017,Third,Greater Hume Shire,Strara,-,-,-,-,-,-,-,-,-,
2017,Third,Griffith,Total,262,315,383,327,95,1.6%,7.7%,2.2%,0.0%,
2017,Third,Griffith,Non Strata,263,316,385,331,86,-1.1%,7.5%,-2.3%,-4.4%,
2017,Third,Griffith,Strata,-,-,-,-,-,-,-,-,-,
2017,Third,Gunnedah,Total,230,290,370,314,49,-18.1%,-7.9%,-2.0%,69.0%,
2017,Third,Gunnedah,Non Strata,225,293,370,316,48,-16.8%,-7.1%,4.4%,65.5%,
2017,Third,Gunnedah,Strata,-,-,-,-,-,-,-,-,-,
2017,Third,Gwydir,Total,150,258,321,236,s,12.0%,35.5%,100.0%,-22.2%,
2017,Third,Gwydir,Non Strata,150,258,321,236,s,12.0%,35.5%,100.0%,-22.2%,
2017,Third,Gwydir,Strara,-,-,-,-,-,-,-,-,-,
2017,Third,Hay,Total,-,-,-,-,s,-,-,-,-,
2017,Third,Hay,Non Strata,-,-,-,-,s,-,-,-,-,
2017,Third,Hay,Strara,-,-,-,-,-,-,-,-,-,
2017,Third,Hilltops,Total,205,250,360,290,93,4.7%,10.5%,29.2%,5.7%,
2017,Third,Hilltops,Non Strata,205,250,360,290,93,4.7%,9.9%,29.2%,12.1%,
2017,Third,Hilltops,Strara,-,-,-,-,-,-,-,-,-,
2017,Third,Inverell,Total,195,255,345,282,73,5.4%,10.9%,28.1%,9.0%,
2017,Third,Inverell,Non Strata,195,255,345,282,73,5.4%,10.9%,28.1%,12.3%,
2017,Third,Inverell,Strara,-,-,-,-,-,-,-,-,-,
2017,Third,Junee,Total,211,259,380,289,31,12.6%,18.0%,63.2%,40.9%,
2017,Third,Junee,Non Strata,211,259,380,289,31,12.6%,18.0%,63.2%,40.9%,
2017,Third,Junee,Strara,-,-,-,-,-,-,-,-,-,
2017,Third,Kempsey,Total,250,350,424,360,160,5.9%,7.0%,28.0%,-8.1%,
2017,Third,Kempsey,Non Strata,251,360,440,367,142,2.9%,5.9%,32.7%,-9.6%,
2017,Third,Kempsey,Strata,254,288,343,306,s,10.1%,17.4%,0.0%,5.9%,
2017,Third,Kempsey,Strara,-,-,-,-,-,-,-,-,-,
2017,Third,Kyogle,Total,287,363,425,377,42,20.8%,31.8%,13.5%,-4.6%,
2017,Third,Kyogle,Non Strata,287,363,425,377,42,20.8%,31.8%,13.5%,-4.6%,
2017,Third,Kyogle,Strara,-,-,-,-,-,-,-,-,-,
2017,Third,Lachlan,Total,95,167,215,160,s,28.5%,51.8%,38.1%,52.6%,
2017,Third,Lachlan,Non Strata,95,167,215,160,s,28.5%,51.8%,38.1%,52.6%,
2017,Third,Lachlan,Strara,-,-,-,-,-,-,-,-,-,
2017,Third,Leeton,Total,187,250,335,260,43,-2.5%,11.1%,13.2%,-4.4%,
2017,Third,Leeton,Non Strata,185,260,335,260,42,1.5%,14.1%,16.7%,7.7%,
2017,Third,Leeton,Strata,-,-,-,-,-,-,-,-,-,
2017,Third,Lismore,Total,314,374,470,403,228,-4.1%,6.3%,31.0%,14.0%,
2017,Third,Lismore,Non Strata,320,380,479,412,205,-3.8%,2.7%,29.8%,16.5%,
2017,Third,Lismore,Strata,268,295,373,323,s,-8.2%,26.3%,43.8%,-4.2%,
2017,Third,Lithgow,Total,277,353,509,400,112,10.2%,17.5%,27.3%,2.8%,
2017,Third,Lithgow,Non Strata,280,355,511,402,111,10.9%,17.7%,27.6%,2.8%,
2017,Third,Lithgow,Strata,-,-,-,-,-,-,-,-,-,
2017,Third,Liverpool Plains,Total,130,195,260,216,s,6.0%,-23.7%,61.1%,7.4%,
2017,Third,Liverpool Plains,Non Strata,130,195,260,216,s,6.0%,-23.7%,61.1%,7.4%,
2017,Third,Liverpool Plains,Strara,-,-,-,-,-,-,-,-,-,
2017,Third,Lockhart,Total,-,-,-,-,-,-,-,-,-,
2017,Third,Lockhart,Non Strata,-,-,-,-,-,-,-,-,-,
2017,Third,Lockhart,Strara,-,-,-,-,-,-,-,-,-,
2017,Third,Mid-Coast,Total,311,410,520,431,633,-1.2%,10.8%,-0.5%,-1.9%,
2017,Third,Mid-Coast,Non Strata,330,439,550,453,508,2.0%,14.3%,-0.6%,-4.0%,
2017,Third,Mid-Coast,Strata,278,323,420,342,125,1.0%,7.9%,0.0%,7.8%,
2017,Third,Mid-Western Regional,Total,286,366,460,389,183,6.1%,5.6%,33.6%,25.3%,
2017,Third,Mid-Western Regional,Non Strata,294,375,465,397,172,7.1%,6.5%,30.3%,25.6%,
2017,Third,Mid-Western Regional,Strata,-,-,-,-,s,-,-,-,-,
2017,Third,Moree Plains,Total,136,223,313,233,34,71.2%,30.9%,-24.4%,-26.1%,
2017,Third,Moree Plains,Non Strata,135,225,315,235,33,73.1%,32.4%,-26.7%,-28.3%,
2017,Third,Moree Plains,Strata,-,-,-,-,-,-,-,-,-,
2017,Third,Murray River,Total,250,375,454,370,52,23.0%,9.5%,15.6%,10.6%,
2017,Third,Murray River,Non Strata,284,411,490,399,38,32.6%,20.0%,-7.3%,-2.6%,
2017,Third,Murray River,Strata,204,283,376,290,s,41.3%,-12.4%,250.0%,75.0%,
2017,Third,Murrumbidgee,Total,-,-,-,-,-,-,-,-,-,
2017,Third,Murrumbidgee,Non Strata,-,-,-,-,-,-,-,-,-,
2017,Third,Murrumbidgee,Strara,-,-,-,-,-,-,-,-,-,
2017,Third,Muswellbrook,Total,265,306,366,325,60,2.6%,15.6%,0.0%,20.0%,
2017,Third,Muswellbrook,Non Strata,266,314,369,328,58,0.3%,16.1%,3.6%,20.8%,
2017,Third,Muswellbrook,Strata,-,-,-,-,-,-,-,-,-,
2017,Third,Nambucca,Total,300,388,500,402,109,11.5%,18.3%,32.9%,17.2%,
2017,Third,Nambucca,Non Strata,307,390,508,410,102,4.8%,16.4%,41.7%,29.1%,
2017,Third,Nambucca,Strata,-,-,-,-,-,-,-,-,-,
2017,Third,Narrabri,Total,167,265,330,259,36,-7.8%,2.1%,5.9%,0.0%,
2017,Third,Narrabri,Non Strata,167,265,330,259,36,-7.8%,2.1%,5.9%,0.0%,
2017,Third,Narrabri,Strara,-,-,-,-,-,-,-,-,-,
2017,Third,Narrandera,Total,148,190,232,191,s,31.0%,20.4%,61.1%,11.5%,
2017,Third,Narrandera,Non Strata,148,190,232,191,s,31.0%,20.4%,61.1%,11.5%,
2017,Third,Narrandera,Strara,-,-,-,-,-,-,-,-,-,
2017,Third,Narromine,Total,170,230,351,296,s,13.6%,2.2%,56.3%,-7.4%,
2017,Third,Narromine,Non Strata,170,230,351,296,s,13.6%,2.2%,56.3%,-7.4%,
2017,Third,Narromine,Strara,-,-,-,-,-,-,-,-,-,
2017,Third,Oberon,Total,269,343,470,372,36,-33.8%,-1.4%,80.0%,80.0%,
2017,Third,Oberon,Non Strata,269,343,470,372,36,-33.8%,-1.4%,80.0%,80.0%,
2017,Third,Oberon,Strara,-,-,-,-,-,-,-,-,-,
2017,Third,Orange,Total,295,365,442,376,267,-1.4%,8.2%,12.7%,12.2%,
2017,Third,Orange,Non Strata,314,379,455,393,240,1.2%,8.4%,6.7%,15.4%,
2017,Third,Orange,Strata,195,220,264,229,s,-5.8%,-7.1%,125.0%,-10.0%,
2017,Third,Parkes,Total,150,237,286,229,76,-3.4%,4.2%,100.0%,40.7%,
2017,Third,Parkes,Non Strata,150,237,286,229,76,-3.4%,4.2%,100.0%,40.7%,
2017,Third,Parkes,Strara,-,-,-,-,-,-,-,-,-,
2017,Third,Port Macquarie-Hastings,Total,419,512,620,530,439,-1.0%,9.5%,-1.1%,-12.2%,
2017,Third,Port Macquarie-Hastings,Non Strata,465,545,669,575,327,-1.3%,8.2%,2.8%,-10.7%,
2017,Third,Port Macquarie-Hastings,Strata,335,397,441,398,112,-3.8%,13.4%,-11.1%,-16.4%,
2017,Third,Queanbeyan-Palerang Regional,Total,380,525,696,555,301,3.2%,11.9%,12.3%,-1.0%,
2017,Third,Queanbeyan-Palerang Regional,Non Strata,508,644,800,668,206,3.8%,11.0%,15.1%,4.6%,
2017,Third,Queanbeyan-Palerang Regional,Strata,225,310,384,308,95,-7.5%,24.0%,6.7%,-11.2%,
2017,Third,Richmond Valley,Total,253,302,438,349,111,3.6%,8.6%,15.6%,8.8%,
2017,Third,Richmond Valley,Non Strata,245,301,424,337,90,3.1%,8.3%,11.1%,2.3%,
2017,Third,Richmond Valley,Strata,265,336,480,398,s,15.9%,25.6%,40.0%,50.0%,
2017,Third,Shoalhaven,Total,435,545,668,575,578,3.8%,19.5%,-3.3%,-8.3%,
2017,Third,Shoalhaven,Non Strata,450,550,680,586,544,2.8%,16.3%,-1.5%,-4.7%,
2017,Third,Shoalhaven,Strata,317,350,435,402,34,-5.4%,6.4%,-26.1%,-42.4%,
2017,Third,Singleton,Total,320,390,520,436,134,-10.9%,-8.9%,32.7%,26.4%,
2017,Third,Singleton,Non Strata,339,404,525,451,126,-9.6%,-10.2%,35.5%,40.0%,
2017,Third,Singleton,Strata,-,-,-,-,-,-,-,-,-,
2017,Third,Snowy Monaro Regional,Total,211,297,428,343,134,2.4%,16.9%,-5.6%,9.8%,
2017,Third,Snowy Monaro Regional,Non Strata,210,285,425,343,111,-1.7%,7.6%,7.8%,29.1%,
2017,Third,Snowy Monaro Regional,Strata,252,330,435,346,s,6.5%,51.9%,-41.0%,-36.1%,
2017,Third,Snowy Valleys,Total,170,230,299,248,77,-3.2%,-4.2%,24.2%,42.6%,
2017,Third,Snowy Valleys,Non Strata,166,233,300,251,74,-1.1%,-3.1%,21.3%,37.0%,
2017,Third,Snowy Valleys,Strata,-,-,-,-,-,-,-,-,-,
2017,Third,Tamworth,Total,267,335,430,354,282,0.6%,3.1%,10.6%,4.4%,
2017,Third,Tamworth,Non Strata,268,336,430,355,272,-1.3%,1.2%,12.4%,6.3%,
2017,Third,Tamworth,Strata,-,-,-,-,-,-,-,-,-,
2017,Third,Temora,Total,174,200,218,198,s,-5.7%,-27.9%,33.3%,-16.7%,
2017,Third,Temora,Non Strata,174,200,218,198,s,-5.7%,-27.9%,33.3%,-16.7%,
2017,Third,Temora,Strara,-,-,-,-,-,-,-,-,-,
2017,Third,Tenterfield,Total,160,215,284,230,43,-14.9%,19.4%,19.4%,79.2%,
2017,Third,Tenterfield,Non Strata,160,215,284,230,43,-14.9%,19.4%,19.4%,79.2%,
2017,Third,Tenterfield,Strara,-,-,-,-,-,-,-,-,-,
2017,Third,Tweed,Total,415,535,660,553,635,0.9%,11.5%,27.0%,1.6%,
2017,Third,Tweed,Non Strata,515,610,730,640,381,-1.8%,10.9%,30.5%,-0.3%,
2017,Third,Tweed,Strata,335,400,505,423,254,-0.7%,11.1%,22.1%,4.5%,
2017,Third,Upper Hunter Shire,Total,200,275,365,309,69,-12.0%,-14.1%,32.7%,46.8%,
2017,Third,Upper Hunter Shire,Non Strata,200,278,370,310,68,-11.2%,-15.9%,30.8%,51.1%,
2017,Third,Upper Hunter Shire,Strata,-,-,-,-,-,-,-,-,-,
2017,Third,Upper Lachlan Shire,Total,283,331,466,375,36,-0.2%,-14.1%,0.0%,0.0%,
2017,Third,Upper Lachlan Shire,Non Strata,283,331,466,375,36,-0.2%,-14.1%,0.0%,0.0%,
2017,Third,Upper Lachlan Shire,,,,,,,,,,,
2017,Third,Uralla,Total,245,285,400,333,s,-10.9%,2.7%,47.1%,38.9%,
2017,Third,Uralla,Non Strata,245,285,400,333,s,-10.9%,2.7%,47.1%,38.9%,
2017,Third,uralla,Strara,-,-,-,-,-,-,-,-,-,
2017,Third,Wagga Wagga,Total,278,345,419,351,343,0.0%,9.5%,23.4%,27.5%,
2017,Third,Wagga Wagga,Non Strata,290,350,420,359,307,-2.0%,7.7%,19.5%,26.3%,
2017,Third,Wagga Wagga,Strata,165,240,324,277,36,-2.8%,20.9%,71.4%,38.5%,
2017,Third,Walcha,Total,-,-,-,-,-,-,-,-,-,
2017,Third,Walcha,Non Strata,-,-,-,-,-,-,-,-,-,
2017,Third,walcha,Strara,-,-,-,-,-,-,-,-,-,
2017,Third,Walgett,Total,-,-,-,-,s,-,-,-,-,
2017,Third,Walgett,Non Strata,-,-,-,-,s,-,-,-,-,
2017,Third,Walgett,Strara,-,-,-,-,-,-,-,-,-,
2017,Third,Warren,Total,-,-,-,-,-,-,-,-,-,
2017,Third,Warren,Non Strata,-,-,-,-,-,-,-,-,-,
2017,Third,Warren,Strara,-,-,-,-,-,-,-,-,-,
2017,Third,Warrumbungle Shire,Total,129,200,240,196,38,0.0%,32.5%,11.8%,72.7%,
2017,Third,Warrumbungle Shire,Non Strata,129,200,240,196,38,0.0%,32.5%,11.8%,72.7%,
2017,Third,Warrumbungle Shire,Strara,-,-,-,-,-,-,-,-,-,
2017,Third,Weddin,Total,144,165,179,195,s,-21.6%,-21.6%,55.6%,27.3%,
2017,Third,Weddin,Non Strata,144,165,179,195,s,-21.6%,-21.6%,55.6%,27.3%,
2017,Third,Weddin,Strara,-,-,-,-,-,-,-,-,-,
2017,Third,Wentworth,Total,173,260,347,261,s,23.8%,15.6%,-20.0%,16.7%,
2017,Third,Wentworth,Non Strata,173,260,347,261,s,22.6%,15.6%,-17.7%,16.7%,
2017,Third,Wentworth,Strara,-,-,-,-,-,-,-,-,-,
2017,Third,Wingecarribee,Total,620,780,1095,898,266,-6.3%,2.0%,-9.5%,-15.0%,
2017,Third,Wingecarribee,Non Strata,636,798,1118,922,246,-8.3%,1.6%,-7.2%,-13.1%,
2017,Third,Wingecarribee,Strata,446,538,694,609,s,5.2%,-4.9%,-31.0%,-33.3%,
2017,Third,Yass Valley,Total,340,455,601,505,74,-15.9%,-0.2%,27.6%,23.3%,
2017,Third,Yass Valley,Non Strata,340,455,601,505,74,-16.1%,-0.2%,29.8%,23.3%,
2017,Third,Yass Valley,Strara,-,-,-,-,-,-,-,-,-,