Year,Quarter,Local Government Areas (LGAs),DwellingType,"First Quartile Sales Price
$'000s","Median Sales Price
$'000s","Third Quartile Sales Price
'000s","Mean Sales Price
$'000s","Sales
No.",Qtly change in Median,Annual change in Median,Qtly change in Count,Annual change in Count
2018,Fourth,Total,Total,290,400,550,443,"7,916",-2.44%,0.00%,0.46%,-19.96%
2018,Fourth,Total,Non Strata,294,411,560,452,"6,801",-2.26%,-1.79%,0.73%,-19.64%
2018,Fourth,Total,Strata,275,355,465,388,1115,-1.80%,1.43%,-1.15%,-21.86%
2018,Fourth,Albury,Total,240,308,420,345,258,3.54%,-3.91%,8.86%,-18.61%
2018,Fourth,Albury,Non Strata,275,360,443,377,211,6.19%,8.38%,15.30%,-18.22%
2018,Fourth,Albury,Strata,160,212,230,199,47,3.16%,-9.79%,-12.96%,-20.34%
2018,Fourth,Armidale Regional,Total,275,348,445,371,129,6.92%,2.21%,59.26%,0.00%
2018,Fourth,Armidale Regional,Non Strata,290,355,461,388,116,4.41%,2.90%,61.11%,4.50%
2018,Fourth,Armidale Regional,Strata,175,199,245,218,s,-21.96%,-20.24%,44.44%,-27.78%
2018,Fourth,Ballina,Total,490,600,735,649,175,-7.69%,1.01%,-9.79%,-10.26%
2018,Fourth,Ballina,Non Strata,545,660,848,726,115,-5.04%,3.13%,-8.00%,-12.88%
2018,Fourth,Ballina,Strata,394,465,595,503,60,-8.82%,8.14%,-13.04%,-4.76%
2018,Fourth,Balranald,Total,-,-,-,-,-,-,-,-,-
2018,Fourth,Balranald,Non Strata,-,-,-,-,-,-,-,-,-
2018,Fourth,Balranald,Strata,-,-,-,-,-,-,-,-,-
2018,Fourth,Bathurst Regional,Total,350,439,513,446,180,0.23%,9.62%,2.27%,-18.92%
2018,Fourth,Bathurst Regional,Non Strata,374,452,540,461,164,1.63%,9.77%,1.23%,-17.59%
2018,Fourth,Bathurst Regional,Strata,269,308,330,292,s,0.82%,2.50%,14.29%,-30.43%
2018,Fourth,Bega Valley,Total,340,465,600,476,179,3.33%,10.71%,-10.05%,-22.17%
2018,Fourth,Bega Valley,Non Strata,401,499,654,525,126,-0.10%,1.06%,-11.27%,-25.00%
2018,Fourth,Bega Valley,Strata,285,320,420,359,53,0.00%,11.30%,-7.02%,-14.52%
2018,Fourth,Bellingen,Total,398,495,655,512,47,-3.41%,-3.88%,-2.08%,-18.97%
2018,Fourth,Bellingen,Non Strata,420,544,660,526,44,2.11%,5.58%,-4.35%,-24.14%
2018,Fourth,Bellingen,Strata,-,-,-,-,-,-,-,-,-
2018,Fourth,Berrigan,Total,139,222,284,223,38,-16.42%,-13.14%,-7.32%,5.56%
2018,Fourth,Berrigan,Non Strata,139,222,284,223,38,-17.81%,-13.14%,0.00%,5.56%
2018,Fourth,Berrigan,Strata,-,-,-,-,-,-,-,-,-
2018,Fourth,Bland,Total,93,150,247,175,s,-12.54%,-6.25%,10.00%,10.00%
2018,Fourth,Bland,Non Strata,93,150,247,175,s,-12.54%,-6.25%,10.00%,10.00%
2018,Fourth,Bland,Strata,-,-,-,-,-,-,-,-,-
2018,Fourth,Blayney,Total,264,344,416,371,s,22.77%,-10.13%,-4.00%,-45.45%
2018,Fourth,Blayney,Non Strata,264,344,416,371,s,22.77%,-10.13%,-4.00%,-45.45%
2018,Fourth,Blayney,Strata,-,-,-,-,-,-,-,-,-
2018,Fourth,Bogan,Total,-,-,-,-,-,-,-,-,-
2018,Fourth,Bogan,Non Strata,-,-,-,-,-,-,-,-,-
2018,Fourth,Bogan,Strata,-,-,-,-,-,-,-,-,-
2018,Fourth,Bourke,Total,-,-,-,-,-,-,-,-,-
2018,Fourth,Bourke,Non Strata,-,-,-,-,-,-,-,-,-
2018,Fourth,Bourke,Strata,-,-,-,-,-,-,-,-,-
2018,Fourth,Brewarrina,Total,-,-,-,-,-,-,-,-,-
2018,Fourth,Brewarrina,Non Strata,-,-,-,-,-,-,-,-,-
2018,Fourth,Brewarrina,Strata,-,-,-,-,-,-,-,-,-
2018,Fourth,Broken Hill,Total,79,133,187,138,80,20.45%,45.60%,6.67%,-17.53%
2018,Fourth,Broken Hill,Non Strata,79,133,187,138,80,20.45%,45.60%,6.67%,-17.53%
2018,Fourth,Broken Hill,Strata,-,-,-,-,-,-,-,-,-
2018,Fourth,Byron,Total,700,875,1103,982,123,-7.41%,4.17%,-14.58%,-34.57%
2018,Fourth,Byron,Non Strata,735,910,1260,1045,90,-13.42%,1.11%,-18.92%,-32.84%
2018,Fourth,Byron,Strata,655,740,980,810,33,5.71%,8.42%,0.00%,-38.89%
2018,Fourth,Cabonne,Total,264,340,496,396,36,21.43%,0.15%,24.14%,-33.33%
2018,Fourth,Cabonne,Non Strata,264,340,496,396,36,21.43%,0.15%,24.14%,-33.33%
2018,Fourth,Cabonne,Strata,655,740,980,810,33,5.71%,8.42%,0.00%,-38.89%
2018,Fourth,Carrathool,Total,-,-,-,-,-,-,-,-,-
2018,Fourth,Carrathool,Non Strata,-,-,-,-,-,-,-,-,-
2018,Fourth,Carrathool,Strata,-,-,-,-,-,-,-,-,-
2018,Fourth,Clarence Valley,Total,290,369,465,387,253,-10.00%,-0.27%,5.86%,-14.53%
2018,Fourth,Clarence Valley,Non Strata,291,373,470,393,222,-9.15%,-0.80%,1.37%,-14.62%
2018,Fourth,Clarence Valley,Strata,285,339,405,339,31,-16.30%,-3.69%,55.00%,-13.89%
2018,Fourth,Cobar,Total,154,194,250,199,s,27.05%,22.63%,-33.33%,-42.86%
2018,Fourth,Cobar,Non Strata,154,194,250,199,s,27.05%,22.63%,-33.33%,-42.86%
2018,Fourth,Cobar,Strata,-,-,-,-,-,-,-,-,-
2018,Fourth,Coffs Harbour,Total,405,499,630,517,315,1.01%,3.96%,-0.63%,-22.98%
2018,Fourth,Coffs Harbour,Non Strata,455,550,660,567,225,3.77%,3.77%,0.45%,-21.33%
2018,Fourth,Coffs Harbour,Strata,300,367,459,394,90,1.38%,4.71%,-3.23%,-26.83%
2018,Fourth,Coolamon,Total,187,248,317,273,s,15.89%,37.78%,283.33%,-14.81%
2018,Fourth,Coolamon,Non Strata,187,248,317,273,s,15.89%,37.78%,283.33%,-14.81%
2018,Fourth,Coolamon,Strata,-,-,-,-,-,-,-,-,-
2018,Fourth,Coonamble,Total,-,-,-,-,-,-,-,-,-
2018,Fourth,Coonamble,Non Strata,-,-,-,-,-,-,-,-,-
2018,Fourth,Coonamble,Strata,-,-,-,-,-,-,-,-,-
2018,Fourth,Gundagai,Total,184,225,311,253,47,-9.64%,0.00%,-4.08%,-6.00%
2018,Fourth,Gundagai,Non Strata,184,225,311,253,47,-9.64%,0.00%,-4.08%,-6.00%
2018,Fourth,Gundagai,Strata,-,-,-,-,-,-,-,-,-
2018,Fourth,Cowra,Total,228,288,382,301,52,10.58%,10.58%,6.12%,-13.33%
2018,Fourth,Cowra,Non Strata,214,285,375,297,47,9.62%,9.62%,-4.08%,-21.67%
2018,Fourth,Cowra,Strata,-,-,-,-,-,-,-,-,-
2018,Fourth,Western Plains Regional,Total,270,345,425,353,213,1.02%,0.88%,-0.47%,-18.70%
2018,Fourth,Western Plains Regional,Non Strata,270,349,430,355,208,1.45%,0.58%,-1.89%,-17.79%
2018,Fourth,Western Plains Regional,Strata,-,-,-,-,-,-,-,-,-
2018,Fourth,Dungog,Total,315,415,590,460,33,-7.78%,-22.43%,13.79%,-36.54%
2018,Fourth,Dungog,Non Strata,315,415,590,460,33,-7.78%,-22.43%,13.79%,-36.54%
2018,Fourth,Dungog,Strata,-,-,-,-,-,-,-,-,-
2018,Fourth,Edward River,Total,131,188,286,206,42,-18.83%,-14.38%,16.67%,23.53%
2018,Fourth,Edward River,Non Strata,135,190,286,209,41,-17.75%,-13.24%,13.89%,20.59%
2018,Fourth,Edward River,Strata,-,-,-,-,-,-,-,-,-
2018,Fourth,Eurobodalla,Total,384,479,600,507,228,0.84%,8.19%,-7.32%,-28.30%
2018,Fourth,Eurobodalla,Non Strata,427,516,650,554,176,3.31%,8.53%,-13.73%,-28.74%
2018,Fourth,Eurobodalla,Strata,273,347,430,349,52,9.37%,-0.64%,23.81%,-26.76%
2018,Fourth,Federation,Total,208,258,325,263,67,4.04%,-2.09%,17.54%,-14.10%
2018,Fourth,Federation,Non Strata,219,267,329,270,56,-1.57%,-0.37%,21.74%,-15.15%
2018,Fourth,Federation,Strata,171,210,260,228,s,0,0.012,0,-0.0833
2018,Fourth,Forbes,Total,185,270,358,281,49,-8.47%,-2.35%,133.33%,28.95%
2018,Fourth,Forbes,Non Strata,185,270,358,281,49,-8.47%,-2.35%,133.33%,28.95%
2018,Fourth,Forbes,Strata,-,-,-,-,-,-,-,-,-
2018,Fourth,Gilgandra,Total,101,170,240,190,s,0.3439,0.0625,0.1,-0.3529
2018,Fourth,Gilgandra,Non Strata,101,170,240,190,s,0.3439,0.0625,0.1,-0.3529
2018,Fourth,Gilgandra,Strata,-,-,-,-,-,-,-,-,-
2018,Fourth,Glen Innes Severn,Total,160,210,278,233,s,0.00%,6.06%,-29.27%,-6.45%
2018,Fourth,Glen Innes Severn,Non Strata,160,210,278,233,s,0.00%,6.06%,-29.27%,-6.45%
2018,Fourth,Glen Innes Severn,Strata,-,-,-,-,-,-,-,-,-
2018,Fourth,Goulburn Mulwaree,Total,347,408,526,448,112,-5.23%,0.62%,-8.20%,-33.73%
2018,Fourth,Goulburn Mulwaree,Non Strata,349,410,527,450,111,-8.69%,-2.38%,4.72%,-22.92%
2018,Fourth,Goulburn Mulwaree,Strata,-,-,-,-,-,-,-,-,-
2018,Fourth,Greater Hume Shire,Total,169,240,325,256,46,18.52%,-11.11%,27.78%,24.32%
2018,Fourth,Greater Hume Shire,Non Strata,169,240,325,256,46,18.52%,-11.11%,27.78%,24.32%
2018,Fourth,Greater Hume Shire,Strata,-,-,-,-,-,-,-,-,-
2018,Fourth,Griffith,Total,281,345,424,353,106,4.23%,4.15%,16.48%,-13.11%
2018,Fourth,Griffith,Non Strata,289,350,425,357,101,6.06%,4.48%,34.67%,-12.93%
2018,Fourth,Griffith,Strata,-,-,-,-,-,-,-,-,-
2018,Fourth,Gunnedah,Total,231,315,411,324,47,-13.10%,0.80%,-6.00%,-26.56%
2018,Fourth,Gunnedah,Non Strata,231,315,411,324,47,-3.23%,0.00%,2.17%,-22.95%
2018,Fourth,Gunnedah,Strata,-,-,-,-,-,-,-,-,-
2018,Fourth,Gwydir,Total,135,169,239,191,s,-19.52%,-13.33%,-14.29%,0.00%
2018,Fourth,Gwydir,Non Strata,135,169,239,191,s,-19.52%,-13.33%,-14.29%,0.00%
2018,Fourth,Gwydir,Strata,-,-,-,-,-,-,-,-,-
2018,Fourth,Hay,Total,110,120,166,136,s,-11.11%,-29.41%,7.69%,75.00%
2018,Fourth,Hay,Non Strata,110,120,166,136,s,-11.11%,-29.41%,7.69%,75.00%
2018,Fourth,Hay,Strata,-,-,-,-,-,-,-,-,-
2018,Fourth,Hilltops,Total,204,270,348,285,79,16.63%,0.93%,1.28%,-5.95%
2018,Fourth,Hilltops,Non Strata,204,270,348,285,79,14.89%,0.00%,6.76%,-3.66%
2018,Fourth,Hilltops,Strata,-,-,-,-,-,-,-,-,-
2018,Fourth,Inverell,Total,180,261,335,272,56,2.05%,-1.42%,1.82%,-25.33%
2018,Fourth,Inverell,Non Strata,180,261,335,272,56,2.05%,-1.42%,1.82%,-25.33%
2018,Fourth,Inverell,Strata,-,-,-,-,-,-,-,-,-
2018,Fourth,Junee,Total,210,247,297,262,s,-3.14%,8.57%,-13.33%,-27.78%
2018,Fourth,Junee,Non Strata,210,247,297,262,s,-3.14%,8.57%,-13.33%,-27.78%
2018,Fourth,Junee,Strata,-,-,-,-,-,-,-,-,-
2018,Fourth,Kempsey,Total,283,340,455,369,121,-12.26%,3.34%,-8.33%,-26.22%
2018,Fourth,Kempsey,Non Strata,286,348,455,374,110,-11.35%,1.46%,-7.56%,-23.61%
2018,Fourth,Kempsey,Strata,237,270,338,318,s,-18.18%,-6.41%,-15.38%,-45.00%
2018,Fourth,Kyogle,Total,301,350,445,389,40,6.06%,16.67%,-18.37%,-14.89%
2018,Fourth,Kyogle,Non Strata,301,350,445,389,40,6.06%,16.67%,-18.37%,-14.89%
2018,Fourth,Kyogle,Strata,-,-,-,-,-,-,-,-,-
2018,Fourth,Lachlan,Total,130,188,242,194,s,19.62%,6.53%,21.43%,-10.53%
2018,Fourth,Lachlan,Non Strata,130,188,242,194,s,19.62%,6.53%,21.43%,-10.53%
2018,Fourth,Lachlan,Strata,-,-,-,-,-,-,-,-,-
2018,Fourth,Leeton,Total,170,219,325,251,60,-23.16%,-0.45%,76.47%,9.09%
2018,Fourth,Leeton,Non Strata,170,223,341,255,54,-23.10%,-5.11%,63.64%,1.89%
2018,Fourth,Leeton,Strata,-,-,-,-,-,-,-,-,-
2018,Fourth,Lismore,Total,345,410,515,436,182,-3.30%,8.18%,-7.14%,-23.85%
2018,Fourth,Lismore,Non Strata,350,415,529,449,159,-3.49%,2.09%,-10.67%,-23.92%
2018,Fourth,Lismore,Strata,281,321,404,343,s,25.15%,15.68%,27.78%,-23.33%
2018,Fourth,Lithgow,Total,289,338,452,402,80,-0.74%,2.27%,-12.09%,-19.19%
2018,Fourth,Lithgow,Non Strata,286,329,430,370,75,-3.24%,-0.75%,-13.79%,-23.47%
2018,Fourth,Lithgow,Strata,-,-,-,-,-,-,-,-,-
2018,Fourth,Liverpool Plains,Total,170,235,325,268,s,22.08%,5.62%,-43.33%,-43.33%
2018,Fourth,Liverpool Plains,Non Strata,170,235,325,268,s,22.08%,5.62%,-43.33%,-43.33%
2018,Fourth,Liverpool Plains,Strata,-,-,-,-,-,-,-,-,-
2018,Fourth,Lockhart,Total,-,-,-,-,-,-,-,-,-
2018,Fourth,Lockhart,Non Strata,-,-,-,-,-,-,-,-,-
2018,Fourth,Lockhart,Strata,-,-,-,-,-,-,-,-,-
2018,Fourth,Mid-Coast,Total,310,410,523,429,448,-2.03%,-3.53%,-9.31%,-30.43%
2018,Fourth,Mid-Coast,Non Strata,315,420,545,445,357,-4.55%,-5.94%,-13.14%,-30.00%
2018,Fourth,Mid-Coast,Strata,290,350,448,367,91,-1.41%,1.30%,9.64%,-32.09%
2018,Fourth,Mid-Western Regional,Total,290,370,470,390,145,-5.13%,-0.54%,16.00%,-6.45%
2018,Fourth,Mid-Western Regional,Non Strata,300,375,478,397,137,-5.06%,-2.60%,16.10%,-8.05%
2018,Fourth,Mid-Western Regional,Strata,-,-,-,-,-,-,-,-,-
2018,Fourth,Moree Plains,Total,162,300,366,263,33,66.67%,33.93%,10.00%,-23.26%
2018,Fourth,Moree Plains,Non Strata,162,300,366,263,33,66.67%,33.93%,10.00%,-23.26%
2018,Fourth,Moree Plains,Strata,-,-,-,-,-,-,-,-,-
2018,Fourth,Murray River,Total,179,284,404,305,62,-17.56%,-14.97%,6.90%,0.00%
2018,Fourth,Murray River,Non Strata,203,320,423,329,51,-7.11%,-9.99%,-5.56%,-8.93%
2018,Fourth,Murray River,Strata,175,178,224,196,s,-44.63%,-39.56%,175.00%,83.33%
2018,Fourth,Murrumbidgee,Total,-,-,-,-,-,-,-,-,-
2018,Fourth,Murrumbidgee,Non Strata,-,-,-,-,-,-,-,-,-
2018,Fourth,Murrumbidgee,Strata,-,-,-,-,-,-,-,-,-
2018,Fourth,Muswellbrook,Total,260,302,359,308,63,-0.17%,-2.58%,-17.11%,-22.22%
2018,Fourth,Muswellbrook,Non Strata,260,310,363,312,60,0.81%,0.00%,-16.67%,-20.00%
2018,Fourth,Muswellbrook,Strata,-,-,-,-,-,-,-,-,-
2018,Fourth,Nambucca,Total,338,388,474,405,96,-5.49%,4.73%,24.68%,10.34%
2018,Fourth,Nambucca,Non Strata,344,400,475,411,89,-4.88%,2.04%,23.61%,17.11%
2018,Fourth,Nambucca,Strata,-,-,-,-,-,-,-,-,-
2018,Fourth,Narrabri,Total,131,253,394,259,38,-11.40%,-11.40%,-7.32%,2.70%
2018,Fourth,Narrabri,Non Strata,131,253,394,259,38,-4.72%,-11.40%,5.56%,2.70%
2018,Fourth,Narrabri,Strata,-,-,-,-,-,-,-,-,-
2018,Fourth,Narrandera,Total,143,195,276,212,32,-7.69%,27.87%,-11.11%,28.00%
2018,Fourth,Narrandera,Non Strata,143,195,276,212,32,-7.69%,27.87%,-11.11%,28.00%
2018,Fourth,Narrandera,Strata,-,-,-,-,-,-,-,-,-
2018,Fourth,Narromine,Total,213,243,340,286,s,11.49%,19.75%,60.00%,-25.00%
2018,Fourth,Narromine,Non Strata,213,243,340,286,s,11.49%,19.75%,60.00%,-25.00%
2018,Fourth,Narromine,Strata,-,-,-,-,-,-,-,-,-
2018,Fourth,Oberon,Total,285,408,446,386,s,1.49%,-14.03%,11.11%,-23.08%
2018,Fourth,Oberon,Non Strata,285,408,446,386,s,1.49%,-14.03%,11.11%,-23.08%
2018,Fourth,Oberon,Strata,-,-,-,-,-,-,-,-,-
2018,Fourth,Orange,Total,345,415,510,436,197,11.04%,6.68%,1.55%,-27.04%
2018,Fourth,Orange,Non Strata,355,430,523,449,181,10.26%,7.50%,5.85%,-28.17%
2018,Fourth,Orange,Strata,238,274,296,287,s,-0.36%,22.05%,-30.43%,-11.11%
2018,Fourth,Parkes,Total,195,255,347,272,97,0.00%,5.15%,42.65%,31.08%
2018,Fourth,Parkes,Non Strata,194,255,359,271,91,0.00%,5.15%,33.82%,22.97%
2018,Fourth,Parkes,Strata,-,-,-,-,-,-,-,-,-
2018,Fourth,Port Macquarie-Hastings,Total,425,523,630,545,343,-1.42%,1.46%,-13.38%,-24.62%
2018,Fourth,Port Macquarie-Hastings,Non Strata,485,565,663,586,263,1.80%,1.80%,-12.91%,-22.87%
2018,Fourth,Port Macquarie-Hastings,Strata,350,390,439,413,80,-1.27%,0.00%,-14.89%,-29.82%
2018,Fourth,Queanbeyan-Palerang Regional,Total,403,538,710,567,275,-0.37%,0.56%,9.56%,-21.65%
2018,Fourth,Queanbeyan-Palerang Regional,Non Strata,538,650,785,680,185,0.00%,0.00%,12.12%,-20.94%
2018,Fourth,Queanbeyan-Palerang Regional,Strata,256,345,409,335,90,9.96%,4.55%,4.65%,-23.08%
2018,Fourth,Richmond Valley,Total,285,330,470,387,95,1.23%,3.13%,5.56%,-13.64%
2018,Fourth,Richmond Valley,Non Strata,285,330,475,389,87,0.61%,3.13%,19.18%,-15.53%
2018,Fourth,Richmond Valley,Strata,-,-,-,-,-,-,-,-,-
2018,Fourth,Shoalhaven,Total,445,540,695,579,432,-1.82%,-1.82%,-4.64%,-28.00%
2018,Fourth,Shoalhaven,Non Strata,450,550,700,594,396,-3.72%,-2.65%,-3.88%,-28.52%
2018,Fourth,Shoalhaven,Strata,344,445,469,417,36,1.60%,1.83%,-12.20%,-21.74%
2018,Fourth,Singleton,Total,339,410,559,449,106,-2.38%,7.47%,-9.40%,-27.40%
2018,Fourth,Singleton,Non Strata,358,425,570,472,95,-4.49%,4.94%,-11.21%,-29.10%
2018,Fourth,Singleton,Strata,208,250,310,255,s,-0.0826,-0.083,0.1,-0.0833
2018,Fourth,Snowy Monaro Regional,Total,271,380,500,410,113,16.92%,16.92%,31.40%,-8.13%
2018,Fourth,Snowy Monaro Regional,Non Strata,265,375,530,408,87,17.19%,15.38%,20.83%,-10.31%
2018,Fourth,Snowy Monaro Regional,Strata,320,385,498,416,s,1.18%,25.20%,85.71%,0.00%
2018,Fourth,Snowy Valleys,Total,179,238,325,261,72,1.06%,2.37%,22.03%,22.03%
2018,Fourth,Snowy Valleys,Non Strata,179,238,325,261,72,-1.04%,1.71%,26.32%,24.14%
2018,Fourth,Snowy Valleys,Strata,-,-,-,-,-,-,-,-,-
2018,Fourth,Tamworth Regional,Total,261,330,429,346,234,-2.65%,-5.71%,-6.40%,-19.31%
2018,Fourth,Tamworth Regional,Non Strata,270,342,440,356,213,0.22%,-5.00%,-8.97%,-21.69%
2018,Fourth,Tamworth Regional,Strata,200,224,282,238,s,-17.42%,11.44%,31.25%,16.67%
2018,Fourth,Temora,Total,230,335,363,313,s,41.95%,44.71%,22.73%,-20.59%
2018,Fourth,Temora,Non Strata,230,335,363,313,s,41.95%,44.71%,22.73%,-20.59%
2018,Fourth,Temora,Strata,-,-,-,-,-,-,-,-,-
2018,Fourth,Tenterfield,Total,210,258,411,292,32,14.44%,2.39%,-11.11%,0.00%
2018,Fourth,Tenterfield,Non Strata,195,250,311,264,s,11.11%,-0.60%,-27.78%,-18.75%
2018,Fourth,Tenterfield,Strata,-,-,-,-,-,-,-,-,-
2018,Fourth,Tweed,Total,441,585,738,608,431,3.54%,3.77%,-12.75%,-22.20%
2018,Fourth,Tweed,Non Strata,565,666,813,702,260,0.15%,2.46%,-16.67%,-20.97%
2018,Fourth,Tweed,Strata,360,426,553,465,171,1.51%,0.32%,-6.04%,-24.00%
2018,Fourth,Upper Hunter Shire,Total,239,280,453,338,55,-15.54%,-11.81%,-11.29%,-23.61%
2018,Fourth,Upper Hunter Shire,Non Strata,240,305,469,345,52,-7.99%,-3.94%,-16.13%,-27.78%
2018,Fourth,Upper Hunter Shire,Strata,-,-,-,-,-,-,-,-,-
2018,Fourth,Upper Lachlan Shire,Total,288,350,513,539,34,-2.78%,-24.73%,36.00%,-8.11%
2018,Fourth,Upper Lachlan Shire,Non Strata,288,350,513,539,34,-2.78%,-24.73%,36.00%,-8.11%
2018,Fourth,Upper Lachlan Shire,Strata,-,-,-,-,-,-,-,-,-
2018,Fourth,Uralla,Total,273,383,483,384,s,25.41%,20.66%,-21.74%,-41.94%
2018,Fourth,Uralla,Non Strata,273,383,483,384,s,25.41%,20.66%,-21.74%,-41.94%
2018,Fourth,Uralla,Strata,-,-,-,-,-,-,-,-,-
2018,Fourth,Wagga Wagga,Total,289,360,460,381,323,2.86%,7.46%,25.19%,-6.38%
2018,Fourth,Wagga Wagga,Non Strata,310,371,460,391,292,2.34%,9.19%,25.86%,-7.89%
2018,Fourth,Wagga Wagga,Strata,218,265,294,288,31,0.00%,4.54%,19.23%,10.71%
2018,Fourth,Walcha,Total,-,-,-,-,-,-,-,-,-
2018,Fourth,Walcha,Non Strata,-,-,-,-,-,-,-,-,-
2018,Fourth,Walcha,Strata,-,-,-,-,-,-,-,-,-
2018,Fourth,Walgett,Total,-,-,-,-,-,-,-,-,-
2018,Fourth,Walgett,Non Strata,-,-,-,-,-,-,-,-,-
2018,Fourth,Walgett,Strata,-,-,-,-,-,-,-,-,-
2018,Fourth,Warren,Total,-,-,-,-,-,-,-,-,-
2018,Fourth,Warren,Non Strata,-,-,-,-,-,-,-,-,-
2018,Fourth,Warren,Strata,-,-,-,-,-,-,-,-,-
2018,Fourth,Warrumbungle Shire,Total,115,154,204,160,36,-9.71%,-9.71%,71.43%,0.00%
2018,Fourth,Warrumbungle Shire,Non Strata,115,154,204,160,36,-9.71%,-9.71%,71.43%,0.00%
2018,Fourth,Warrumbungle Shire,Strata,-,-,-,-,-,-,-,-,-
2018,Fourth,Weddin,Total,-,-,-,-,-,-,-,-,-
2018,Fourth,Weddin,Non Strata,-,-,-,-,-,-,-,-,-
2018,Fourth,Weddin,Strata,-,-,-,-,-,-,-,-,-
2018,Fourth,Wentworth,Total,151,245,320,249,s,-9.93%,-10.91%,-12.90%,12.50%
2018,Fourth,Wentworth,Non Strata,151,245,320,249,s,-10.42%,-15.52%,-10.00%,17.39%
2018,Fourth,Wentworth,Strata,-,-,-,-,-,-,-,-,-
2018,Fourth,Wingecarribee,Total,620,775,1043,911,196,-2.52%,-6.34%,-2.97%,-37.18%
2018,Fourth,Wingecarribee,Non Strata,630,800,1105,940,177,-2.44%,-4.76%,-1.67%,-36.79%
2018,Fourth,Wingecarribee,Strata,520,610,765,637,s,-14.54%,-6.51%,-13.64%,-40.62%
2018,Fourth,Yass Valley,Total,408,555,783,610,68,11.67%,-11.34%,47.83%,-20.93%
2018,Fourth,Yass Valley,Non Strata,408,555,783,610,68,9.90%,-11.34%,51.11%,-20.93%
2018,Fourth,Yass Valley,Strata,-,-,-,-,-,-,-,-,-
2018,Fourth,Total,Total,800,1140,1700,1478,"2,918",-3.39%,-8.80%,-3.82%,-22.17%
2018,Fourth,Total,Non Strata,1360,1803,2576,2321,964,-9.54%,-14.17%,-0.82%,-23.79%
2018,Fourth,Total,Strata,718,900,1231,1062,"1,954",-2.70%,-6.98%,-5.24%,-21.34%
2018,Fourth,Inner West,Total,780,1118,1443,1164,584,-4.08%,-12.70%,-10.29%,-23.86%
2018,Fourth,Inner West,Non Strata,1200,1380,1685,1458,331,-5.74%,-10.10%,1.22%,-24.08%
2018,Fourth,Inner West,Strata,630,738,870,780,253,-3.53%,-7.17%,-21.91%,-23.56%
2018,Fourth,Lane Cove,Total,690,867,1859,1364,162,-6.77%,-23.78%,-2.99%,-34.68%
2018,Fourth,Lane Cove,Non Strata,2020,2650,3106,2585,50,20.45%,-4.68%,-13.79%,-48.98%
2018,Fourth,Lane Cove,Strata,654,745,876,820,112,-1.32%,-7.17%,2.75%,-25.33%
2018,Fourth,Mosman,Total,848,1465,2825,2329,132,-27.74%,-12.54%,34.69%,-21.43%
2018,Fourth,Mosman,Non Strata,2800,3700,6000,4565,45,-9.76%,-8.64%,-2.17%,-25.00%
2018,Fourth,Mosman,Strata,751,915,1433,1172,87,-11.59%,-18.49%,67.31%,-19.44%
2018,Fourth,North Sydney,Total,851,1198,1779,1474,330,-1.64%,-0.42%,3.13%,-14.06%
2018,Fourth,North Sydney,Non Strata,1764,2278,3188,2574,54,-11.55%,-13.89%,8.00%,0.00%
2018,Fourth,North Sydney,Strata,804,1070,1513,1259,276,-3.82%,-5.52%,2.22%,-16.36%
2018,Fourth,Randwick,Total,841,1200,1804,1428,322,-13.51%,-17.67%,-10.56%,-30.00%
2018,Fourth,Randwick,Non Strata,1611,1961,2540,2112,135,-12.46%,-18.13%,-8.16%,-31.12%
2018,Fourth,Randwick,Strata,750,865,1050,934,187,-4.42%,-8.83%,-12.21%,-29.17%
2018,Fourth,Sydney,Total,720,975,1315,1111,845,1.66%,-6.36%,-7.55%,-24.01%
2018,Fourth,Sydney,Non Strata,1168,1470,1850,1574,163,-4.70%,-12.24%,16.43%,-13.76%
2018,Fourth,Sydney,Strata,685,870,1168,1000,682,-2.52%,-3.33%,-11.89%,-26.11%
2018,Fourth,Waverley,Total,938,1380,2100,1642,288,-11.25%,-10.97%,5.88%,-6.19%
2018,Fourth,Waverley,Non Strata,2076,2568,3300,2712,90,-3.11%,-15.12%,-5.26%,-17.43%
2018,Fourth,Waverley,Strata,826,1105,1400,1156,198,-5.56%,-1.12%,11.86%,0.00%
2018,Fourth,Woollahra,Total,1076,1750,3665,2928,255,-9.28%,-23.91%,1.19%,-15.84%
2018,Fourth,Woollahra,Non Strata,2560,4258,6525,5165,96,12.04%,-8.44%,-11.93%,-21.95%
2018,Fourth,Woollahra,Strata,946,1260,1828,1577,159,-9.35%,-14.49%,11.19%,-11.67%
2018,Fourth,Total,Total,670,860,1260,1051,"4,032",-0.58%,-2.82%,-9.82%,-32.73%
2018,Fourth,Total,Non Strata,900,1200,1683,1387,"1,935",-4.00%,-12.41%,-0.77%,-25.61%
2018,Fourth,Total,Strata,570,687,848,741,"2,097",-1.86%,-2.83%,-16.82%,-38.20%
2018,Fourth,Bayside,Total,650,798,1040,882,434,-1.54%,-3.78%,-13.03%,-40.63%
2018,Fourth,Bayside,Non Strata,1020,1183,1404,1222,146,-9.73%,-14.93%,6.57%,-31.46%
2018,Fourth,Bayside,Strata,599,694,800,709,288,-4.28%,-4.93%,-20.44%,-44.40%
2018,Fourth,Burwood,Total,771,1066,1430,1147,111,24.68%,12.80%,26.14%,-19.57%
2018,Fourth,Burwood,Non Strata,1250,1520,1895,1583,45,3.05%,-4.70%,50.00%,4.65%
2018,Fourth,Burwood,Strata,655,865,1066,850,66,11.18%,-2.81%,13.79%,-30.53%
2018,Fourth,Canada Bay,Total,803,1008,1513,1227,267,-11.19%,-17.78%,-11.88%,-20.30%
2018,Fourth,Canada Bay,Non Strata,1455,1752,2138,1916,78,-5.32%,-14.56%,-19.59%,-36.59%
2018,Fourth,Canada Bay,Strata,750,890,1050,943,189,-6.68%,-6.81%,-8.25%,-10.85%
2018,Fourth,Canterbury-Bankstown,Total,600,773,930,786,717,-3.37%,-9.06%,-10.15%,-34.46%
2018,Fourth,Canterbury-Bankstown,Non Strata,800,890,1030,939,441,-4.43%,-14.04%,-4.96%,-31.52%
2018,Fourth,Canterbury-Bankstown,Strata,439,530,635,542,276,-6.19%,-9.56%,-17.37%,-38.67%
2018,Fourth,Cumberland,Total,555,690,807,696,412,1.47%,-4.17%,-14.70%,-43.48%
2018,Fourth,Cumberland,Non Strata,725,800,900,821,222,-5.33%,-12.09%,-5.13%,-35.47%
2018,Fourth,Cumberland,Strata,481,550,600,549,190,-3.34%,-7.56%,-23.69%,-50.65%
2018,Fourth,Georges River,Total,718,943,1268,1045,346,2.45%,-0.37%,-17.81%,-27.00%
2018,Fourth,Georges River,Non Strata,1000,1200,1550,1313,191,-7.69%,-15.79%,-9.48%,-15.49%
2018,Fourth,Georges River,Strata,600,690,820,714,155,0.00%,-1.43%,-26.19%,-37.50%
2018,Fourth,Hunters Hill,Total,994,1596,2500,1839,42,-8.80%,-10.34%,2.44%,-16.00%
2018,Fourth,Hunters Hill,Non Strata,2190,2670,3147,2780,s,6.80%,-2.93%,-9.52%,-20.83%
2018,Fourth,Hunters Hill,Strata,670,1200,1350,1063,s,2.13%,38.81%,15.00%,-11.54%
2018,Fourth,Ku-Ring-Gai,Total,1144,1660,2225,1764,401,-3.75%,-4.03%,8.09%,-18.99%
2018,Fourth,Ku-Ring-Gai,Non Strata,1684,2050,2526,2184,260,-3.42%,-3.30%,13.04%,-15.86%
2018,Fourth,Ku-Ring-Gai,Strata,781,910,1160,990,141,-4.21%,-1.36%,0.00%,-24.19%
2018,Fourth,Parramatta,Total,635,780,1046,898,611,-0.39%,-0.06%,-13.46%,-42.14%
2018,Fourth,Parramatta,Non Strata,940,1125,1410,1237,254,-1.32%,-13.16%,-2.31%,-17.53%
2018,Fourth,Parramatta,Strata,560,657,750,657,357,-1.20%,-7.20%,-19.96%,-52.27%
2018,Fourth,Ryde,Total,675,1050,1380,1071,392,-3.31%,5.79%,-10.71%,-17.30%
2018,Fourth,Ryde,Non Strata,1293,1428,1658,1480,146,-12.58%,-18.66%,-3.31%,-20.22%
2018,Fourth,Ryde,Strata,610,736,997,829,246,-8.80%,-4.48%,-14.58%,-15.46%
2018,Fourth,Strathfield,Total,595,716,1248,1024,100,6.00%,2.21%,-11.50%,-40.48%
2018,Fourth,Strathfield,Non Strata,1200,1625,2103,1711,36,-23.35%,-25.71%,56.52%,-14.29%
2018,Fourth,Strathfield,Strata,547,638,696,637,64,-2.22%,-5.90%,-28.89%,-49.21%
2018,Fourth,Willoughby,Total,958,1580,2223,1673,199,-1.25%,-11.11%,-4.78%,-20.40%
2018,Fourth,Willoughby,Non Strata,1825,2260,2790,2327,97,2.03%,-3.83%,5.43%,-31.69%
2018,Fourth,Willoughby,Strata,775,977,1272,1052,102,-7.44%,-2.11%,-12.82%,-5.56%
2018,Fourth,Total,Total,597,730,1000,868,"6,805",-1.02%,-4.82%,-10.78%,-28.36%
2018,Fourth,Total,Non Strata,630,770,1070,926,"5,110",-1.28%,-6.67%,-8.06%,-25.83%
2018,Fourth,Total,Strata,490,618,817,694,"1,695",-2.68%,-2.97%,-18.08%,-35.03%
2018,Fourth,Blacktown,Total,590,680,800,696,788,-2.30%,-5.56%,-18.68%,-28.82%
2018,Fourth,Blacktown,Non Strata,632,719,825,729,655,-2.41%,-9.05%,-15.16%,-24.10%
2018,Fourth,Blacktown,Strata,460,540,605,536,133,-2.35%,-5.26%,-32.49%,-45.49%
2018,Fourth,Blue Mountains,Total,555,630,738,654,247,-7.35%,-7.35%,-8.18%,-25.60%
2018,Fourth,Blue Mountains,Non Strata,565,635,748,660,235,-6.62%,-7.47%,-9.96%,-25.16%
2018,Fourth,Blue Mountains,Strata,495,530,609,534,s,-0.0799,0,0.5,-0.3333
2018,Fourth,Camden,Total,645,710,788,728,303,-0.70%,-4.44%,-8.46%,-23.29%
2018,Fourth,Camden,Non Strata,650,720,800,740,285,-0.69%,-4.00%,-8.95%,-22.76%
2018,Fourth,Camden,Strata,479,530,611,539,s,-10.55%,-6.69%,0.00%,-30.77%
2018,Fourth,Campbelltown,Total,500,575,640,570,381,-0.86%,-8.73%,-22.56%,-33.97%
2018,Fourth,Campbelltown,Non Strata,530,601,655,604,308,-2.28%,-8.24%,-20.82%,-31.40%
2018,Fourth,Campbelltown,Strata,392,420,470,427,73,-7.69%,-13.40%,-29.13%,-42.97%
2018,Fourth,Central Coast,Total,495,610,774,658,"1,255",-2.01%,-4.69%,-4.42%,-25.48%
2018,Fourth,Central Coast,Non Strata,531,640,815,696,982,-1.54%,-3.76%,-5.76%,-26.72%
2018,Fourth,Central Coast,Strata,415,500,599,519,273,-0.99%,-0.99%,0.74%,-20.64%
2018,Fourth,Fairfield,Total,588,700,796,695,271,-1.06%,-9.09%,-20.29%,-37.12%
2018,Fourth,Fairfield,Non Strata,665,730,828,754,217,-5.19%,-9.32%,-12.15%,-36.36%
2018,Fourth,Fairfield,Strata,410,458,513,458,54,4.09%,0.11%,-41.94%,-40.00%
2018,Fourth,Hawkesbury,Total,605,706,1015,848,154,0.18%,-10.60%,-19.37%,-27.01%
2018,Fourth,Hawkesbury,Non Strata,640,770,1050,907,133,1.32%,-8.06%,-17.39%,-26.92%
2018,Fourth,Hawkesbury,Strata,430,495,523,472,s,-2.17%,-3.88%,-30.00%,-27.59%
2018,Fourth,Hornsby,Total,810,1050,1300,1070,365,1.16%,-12.50%,-4.70%,-30.21%
2018,Fourth,Hornsby,Non Strata,1000,1180,1385,1212,261,-5.60%,-14.49%,9.21%,-22.09%
2018,Fourth,Hornsby,Strata,620,663,820,713,104,-1.23%,-2.57%,-27.78%,-44.68%
2018,Fourth,Liverpool,Total,580,700,815,713,376,0.00%,-2.78%,-7.62%,-38.36%
2018,Fourth,Liverpool,Non Strata,672,750,850,793,281,-2.60%,-8.54%,-3.77%,-29.75%
2018,Fourth,Liverpool,Strata,400,485,560,477,95,-5.83%,-6.73%,-17.39%,-54.76%
2018,Fourth,Northern Beaches,Total,900,1350,1765,1436,893,-1.46%,-11.23%,-1.11%,-23.02%
2018,Fourth,Northern Beaches,Non Strata,1400,1660,2115,1837,483,-5.14%,-6.74%,6.15%,-22.47%
2018,Fourth,Northern Beaches,Strata,725,873,1119,964,410,-0.46%,-6.93%,-8.48%,-23.65%
2018,Fourth,Penrith,Total,548,635,714,642,550,-2.31%,-3.79%,-12.84%,-33.17%
2018,Fourth,Penrith,Non Strata,610,665,742,692,422,-2.99%,-6.34%,-7.86%,-25.96%
2018,Fourth,Penrith,Strata,428,490,532,477,128,-4.85%,-6.22%,-26.01%,-49.41%
2018,Fourth,Sutherland Shire,Total,750,975,1240,1050,733,-2.50%,-9.30%,-12.63%,-22.10%
2018,Fourth,Sutherland Shire,Non Strata,960,1105,1360,1215,421,-6.36%,-16.92%,-6.44%,-17.61%
2018,Fourth,Sutherland Shire,Strata,615,730,915,827,312,-4.58%,-2.67%,-19.79%,-27.44%
2018,Fourth,The Hills Shire,Total,950,1120,1355,1212,377,-3.86%,-10.40%,-8.50%,-26.65%
2018,Fourth,The Hills Shire,Non Strata,1025,1168,1415,1285,321,-5.43%,-11.78%,-4.75%,-22.46%
2018,Fourth,The Hills Shire,Strata,700,794,850,791,56,-0.81%,-2.04%,-25.33%,-44.00%
2018,Fourth,Wollondilly,Total,567,675,1023,820,112,-8.78%,-7.53%,-23.81%,-41.36%
2018,Fourth,Wollondilly,Non Strata,576,708,1038,838,106,-5.67%,-5.67%,-25.35%,-40.78%
2018,Fourth,Wollondilly,Strata,-,-,-,-,-,-,-,-,-
2016,Fourth,Ashfield,Total,670,787,1328,1025,-,8.7,-6.1,-,-
2016,Fourth,Botany Bay,Total,750,901,1258,1031,-,3.7,4.0,-,-
2016,Fourth,Lane Cove,Total,750,938,2200,1494,-,2.3,3.9,-,-
2016,Fourth,Leichhardt,Total,1003,1478,1863,1466,-,5.6,10.3,-,-
2016,Fourth,Marrickville,Total,785,1130,1450,1150,-,11.3,15.5,-,-
2016,Fourth,Mosman,Total,1015,1888,3381,2613,-,-3.2,28.9,-,-
2016,Fourth,North Sydney,Total,852,1178,1650,1369,-,9.6,12.7,-,-
2016,Fourth,Randwick,Total,840,1125,1838,1408,-,-7.0,5.1,-,-
2016,Fourth,Sydney,Total,730,960,1335,1087,-,5.5,5.5,-,-
2016,Fourth,Waverley,Total,970,1303,2010,1651,-,-3.8,10.6,-,-
2016,Fourth,Woollahra,Total,1200,1963,3200,2531,-,-5.6,21.7,-,-
2016,Fourth,Auburn,Total,597,705,860,770,-,0.0,-0.7,-,-
2016,Fourth,Bankstown,Total,720,870,990,849,-,3.9,7.4,-,-
2016,Fourth,Burwood,Total,750,996,1475,1163,-,10.7,2.2,-,-
2016,Fourth,Canterbury,Total,523,721,1100,842,-,6.8,-3.9,-,-
2016,Fourth,Canada Bay,Total,840,1130,1733,1360,-,4.6,-5.8,-,-
2016,Fourth,Hunters Hill,Total,1150,1825,2620,1943,-,1.4,-16.9,-,-
2016,Fourth,Hurstville,Total,621,795,1105,897,-,17.8,16.1,-,-
2016,Fourth,Kogarah,Total,725,1145,1483,1209,-,5.2,22.1,-,-
2016,Fourth,Ku-ring-gai,Total,1020,1755,2322,1801,-,3.2,11.8,-,-
2016,Fourth,Manly,Total,1010,1665,2200,1758,-,5.8,11.0,-,-
2016,Fourth,Parramatta,Total,596,740,991,829,-,7.2,-5.1,-,-
2016,Fourth,Rockdale,Total,650,800,1200,935,-,-7.0,7.4,-,-
2016,Fourth,Ryde,Total,670,965,1592,1152,-,7.9,-1.0,-,-
2016,Fourth,Strathfield,Total,630,698,1294,1113,-,2.6,-5.4,-,-
2016,Fourth,Willoughby,Total,901,1700,2420,1759,-,14.1,16.8,-,-
2016,Fourth,The Hills Shire,Total,935,1168,1411,1200,-,6.2,7.2,-,-
2016,Fourth,Blacktown,Total,590,685,819,701,-,3.8,7.0,-,-
2016,Fourth,Blue Mountains,Total,525,635,750,641,-,8.5,15.9,-,-
2016,Fourth,Camden,Total,650,720,795,734,-,1.4,5.9,-,-
2016,Fourth,Campbelltown,Total,515,585,666,592,-,3.4,10.4,-,-
2016,Fourth,Fairfield,Total,550,736,827,703,-,5.1,5.9,-,-
2016,Fourth,Gosford,Total,540,645,820,696,-,4.9,7.5,-,-
2016,Fourth,Hawkesbury,Total,550,673,950,798,-,0.7,7.3,-,-
2016,Fourth,Holroyd,Total,530,684,865,708,-,-0.9,-6.4,-,-
2016,Fourth,Hornsby,Total,835,1115,1427,1143,-,3.7,6.2,-,-
2016,Fourth,Liverpool,Total,570,725,850,725,-,5.5,6.5,-,-
2016,Fourth,Penrith,Total,546,640,722,639,-,4.9,10.0,-,-
2016,Fourth,Pittwater,Total,1300,1550,1975,1654,-,9.5,19.2,-,-
2016,Fourth,Sutherland,Total,790,1050,1365,1106,-,12.9,12.9,-,-
2016,Fourth,Warringah,Total,820,1293,1675,1304,-,4.6,14.9,-,-
2016,Fourth,Wollondilly,Total,566,718,913,776,-,5.0,15.2,-,-
2016,Fourth,Wyong,Total,435,510,620,540,-,2.2,10.4,-,-
2016,Fourth,Cessnock,Total,278,340,425,372,-,5.9,7.9,-,-
2016,Fourth,Kiama,Total,650,790,930,802,-,5.5,10.0,-,-
2016,Fourth,Lake Macquarie,Total,424,511,615,530,-,4.9,9.7,-,-
2016,Fourth,Maitland,Total,338,410,502,424,-,3.8,5.7,-,-
2016,Fourth,Newcastle,Total,430,520,660,568,-,4.0,7.2,-,-
2016,Fourth,Port Stephens,Total,385,482,601,500,-,-1.6,9.0,-,-
2016,Fourth,Shellharbour,Total,485,555,653,576,-,1.8,9.9,-,-
2016,Fourth,Wollongong,Total,520,635,783,668,-,5.0,16.5,-,-
2016,Fourth,Ashfield,Non Strata,1400,1600,2000,1691,-,-2.4,1.3,-,-
2016,Fourth,Botany Bay,Non Strata,1350,1450,1710,1521,-,0.1,19.0,-,-
2016,Fourth,Lane Cove,Non Strata,2100,2350,2733,2585,-,14.6,28.8,-,-
2016,Fourth,Leichhardt,Non Strata,1438,1749,2096,1794,-,11.0,20.6,-,-
2016,Fourth,Marrickville,Non Strata,1240,1430,1650,1459,-,8.4,17.2,-,-
2016,Fourth,Mosman,Non Strata,2920,3832,5800,4420,-,0.2,25.2,-,-
2016,Fourth,North Sydney,Non Strata,2150,2510,3125,2773,-,1.1,12.8,-,-
2016,Fourth,Randwick,Non Strata,1800,2128,2627,2262,-,11.4,9.4,-,-
2016,Fourth,Sydney,Non Strata,1360,1570,2050,1706,-,2.1,9.1,-,-
2016,Fourth,Waverley,Non Strata,2376,3000,3445,2995,-,20.0,33.3,-,-
2016,Fourth,Woollahra,Non Strata,2360,3430,4800,3942,-,0.7,14.3,-,-
2016,Fourth,Auburn,Non Strata,868,970,1280,1058,-,3.7,-4.0,-,-
2016,Fourth,Bankstown,Non Strata,855,930,1020,945,-,3.9,8.1,-,-
2016,Fourth,Burwood,Non Strata,1315,1592,1956,1653,-,-9.0,0.4,-,-
2016,Fourth,Canterbury,Non Strata,966,1198,1425,1235,-,4.2,6.6,-,-
2016,Fourth,Canada Bay,Non Strata,1715,2110,2465,2123,-,18.2,19.7,-,-
2016,Fourth,Hunters Hill,Non Strata,2045,2540,3188,2615,-,-1.4,3.7,-,-
2016,Fourth,Hurstville,Non Strata,1060,1200,1413,1247,-,0.0,9.1,-,-
2016,Fourth,Kogarah,Non Strata,1235,1450,1817,1596,-,-1.2,3.6,-,-
2016,Fourth,Ku-ring-gai,Non Strata,1770,2100,2600,2246,-,7.7,11.1,-,-
2016,Fourth,Manly,Non Strata,2043,2405,3033,2617,-,8.3,9.3,-,-
2016,Fourth,Parramatta,Non Strata,860,1021,1260,1087,-,6.5,7.5,-,-
2016,Fourth,Rockdale,Non Strata,1200,1360,1500,1376,-,10.8,10.3,-,-
2016,Fourth,Ryde,Non Strata,1489,1650,1873,1701,-,6.5,10.0,-,-
2016,Fourth,Strathfield,Non Strata,1600,2085,2800,2208,-,-19.7,12.7,-,-
2016,Fourth,Willoughby,Non Strata,2005,2410,2900,2498,-,1.7,16.1,-,-
2016,Fourth,The Hills Shire,Non Strata,1105,1285,1511,1346,-,6.2,8.3,-,-
2016,Fourth,Blacktown,Non Strata,635,720,855,738,-,4.3,7.5,-,-
2016,Fourth,Blue Mountains,Non Strata,540,645,756,653,-,8.0,15.2,-,-
2016,Fourth,Camden,Non Strata,663,729,800,746,-,1.3,7.2,-,-
2016,Fourth,Campbelltown,Non Strata,560,614,690,629,-,4.1,10.2,-,-
2016,Fourth,Fairfield,Non Strata,700,775,855,778,-,6.2,6.2,-,-
2016,Fourth,Gosford,Non Strata,585,693,850,745,-,3.4,7.9,-,-
2016,Fourth,Hawkesbury,Non Strata,605,715,1022,857,-,0.1,5.9,-,-
2016,Fourth,Holroyd,Non Strata,790,855,945,868,-,3.0,3.4,-,-
2016,Fourth,Hornsby,Non Strata,1150,1350,1528,1362,-,1.7,11.3,-,-
2016,Fourth,Liverpool,Non Strata,680,785,892,798,-,4.7,6.8,-,-
2016,Fourth,Penrith,Non Strata,625,681,768,704,-,4.1,9.8,-,-
2016,Fourth,Pittwater,Non Strata,1460,1718,2100,1867,-,10.8,22.7,-,-
2016,Fourth,Sutherland,Non Strata,1040,1250,1500,1304,-,4.2,11.1,-,-
2016,Fourth,Warringah,Non Strata,1500,1675,1918,1765,-,10.9,15.9,-,-
2016,Fourth,Wollondilly,Non Strata,595,730,930,798,-,5.8,14.1,-,-
2016,Fourth,Wyong,Non Strata,450,526,630,561,-,3.1,10.7,-,-
2016,Fourth,Cessnock,Non Strata,285,350,430,382,-,7.7,11.1,-,-
2016,Fourth,Kiama,Non Strata,718,859,980,898,-,13.0,13.0,-,-
2016,Fourth,Lake Macquarie,Non Strata,443,528,630,549,-,4.6,8.9,-,-
2016,Fourth,Maitland,Non Strata,355,421,515,437,-,3.4,5.5,-,-
2016,Fourth,Newcastle,Non Strata,450,540,677,589,-,0.9,6.3,-,-
2016,Fourth,Port Stephens,Non Strata,405,500,635,523,-,0.6,8.7,-,-
2016,Fourth,Shellharbour,Non Strata,518,580,670,600,-,3.0,8.0,-,-
2016,Fourth,Wollongong,Non Strata,560,696,850,722,-,3.9,16.0,-,-
2016,Fourth,Ashfield,Strata,615,708,800,713,-,6.9,4.4,-,-
2016,Fourth,Botany Bay,Strata,695,805,953,860,-,-0.4,0.6,-,-
2016,Fourth,Lane Cove,Strata,710,805,905,803,-,0.6,12.1,-,-
2016,Fourth,Leichhardt,Strata,629,808,1163,907,-,-8.2,-14.9,-,-
2016,Fourth,Marrickville,Strata,650,743,912,783,-,6.1,7.7,-,-
2016,Fourth,Mosman,Strata,839,1165,1558,1328,-,29.4,28.7,-,-
2016,Fourth,North Sydney,Strata,813,1100,1382,1146,-,11.1,20.9,-,-
2016,Fourth,Randwick,Strata,760,895,1120,953,-,-0.8,7.3,-,-
2016,Fourth,Sydney,Strata,700,880,1160,981,-,2.9,3.5,-,-
2016,Fourth,Waverley,Strata,900,1079,1378,1166,-,3.0,15.9,-,-
2016,Fourth,Woollahra,Strata,920,1280,2100,1543,-,-9.4,25.5,-,-
2016,Fourth,Auburn,Strata,550,656,720,645,-,0.2,5.0,-,-
2016,Fourth,Bankstown,Strata,495,580,670,584,-,2.1,-0.5,-,-
2016,Fourth,Burwood,Strata,685,765,880,788,-,-4.4,2.0,-,-
2016,Fourth,Canterbury,Strata,459,555,690,577,-,4.5,4.7,-,-
2016,Fourth,Canada Bay,Strata,780,920,1200,997,-,2.2,6.6,-,-
2016,Fourth,Hunters Hill,Strata,790,1080,1420,1109,-,25.6,15.1,-,-
2016,Fourth,Hurstville,Strata,580,636,760,665,-,2.6,-0.6,-,-
2016,Fourth,Kogarah,Strata,630,710,800,739,-,1.4,4.7,-,-
2016,Fourth,Ku-ring-gai,Strata,780,903,1030,937,-,4.6,0.3,-,-
2016,Fourth,Manly,Strata,880,1158,1585,1256,-,-3.5,12.0,-,-
2016,Fourth,Parramatta,Strata,525,611,695,613,-,5.2,3.2,-,-
2016,Fourth,Rockdale,Strata,617,690,800,713,-,-13.8,6.2,-,-
2016,Fourth,Ryde,Strata,615,715,857,759,-,-2.2,4.1,-,-
2016,Fourth,Strathfield,Strata,606,655,735,677,-,2.3,4.0,-,-
2016,Fourth,Willoughby,Strata,785,898,1140,960,-,2.4,5.6,-,-
2016,Fourth,The Hills Shire,Strata,685,789,920,805,-,3.8,8.1,-,-
2016,Fourth,Blacktown,Strata,452,547,622,539,-,0.9,12.8,-,-
2016,Fourth,Blue Mountains,Strata,410,495,561,469,-,2.7,9.0,-,-
2016,Fourth,Camden,Strata,460,607,640,551,-,14.5,-2.1,-,-
2016,Fourth,Campbelltown,Strata,415,451,485,455,-,5.9,10.0,-,-
2016,Fourth,Fairfield,Strata,405,450,500,451,-,5.6,3.7,-,-
2016,Fourth,Gosford,Strata,425,515,620,543,-,9.6,12.0,-,-
2016,Fourth,Hawkesbury,Strata,434,500,541,485,-,11.1,9.6,-,-
2016,Fourth,Holroyd,Strata,460,530,590,530,-,-2.2,4.1,-,-
2016,Fourth,Hornsby,Strata,650,725,871,755,-,0.7,9.4,-,-
2016,Fourth,Liverpool,Strata,407,483,543,479,-,1.0,8.5,-,-
2016,Fourth,Penrith,Strata,395,475,530,467,-,0.0,8.2,-,-
2016,Fourth,Pittwater,Strata,730,895,1130,947,-,-10.5,12.2,-,-
2016,Fourth,Sutherland,Strata,635,778,1001,871,-,7.3,13.6,-,-
2016,Fourth,Warringah,Strata,710,820,945,846,-,7.9,13.1,-,-
2016,Fourth,Wollondilly,Strata,360,385,439,394,-,-,-,-,-
2016,Fourth,Wyong,Strata,340,419,494,415,-,7.4,18.4,-,-
2016,Fourth,Cessnock,Strata,250,261,295,265,-,4.4,-17.1,-,-
2016,Fourth,Kiama,Strata,435,511,660,522,-,-9.6,8.7,-,-
2016,Fourth,Lake Macquarie,Strata,338,368,448,395,-,-10.2,-9.1,-,-
2016,Fourth,Maitland,Strata,245,279,329,286,-,-8.5,-3.8,-,-
2016,Fourth,Newcastle,Strata,390,471,620,511,-,9.5,9.5,-,-
2016,Fourth,Port Stephens,Strata,333,390,475,410,-,-8.2,11.4,-,-
2016,Fourth,Shellharbour,Strata,420,459,510,457,-,0.9,9.3,-,-
2016,Fourth,Wollongong,Strata,435,540,635,542,-,3.8,16.9,-,-
2016,Fourth,Goulburn - Yass,Total,280,380,494,417,-,8.9,12.4,-,-
2016,Fourth,Queanbeyan,Total,375,495,655,528,-,5.3,4.7,-,-
2016,Fourth,Snowy Mountains,Total,200,280,398,311,-,15.7,7.7,-,-
2016,Fourth,South Coast,Total,307,375,470,400,-,-5.1,0.0,-,-
2016,Fourth,Bathurst,Total,315,393,459,392,-,4.2,7.7,-,-
2016,Fourth,Lachlan Valley,Total,150,200,280,225,-,0.0,-6.1,-,-
2016,Fourth,Lithgow - Mudgee,Total,260,332,420,350,-,7.1,7.1,-,-
2016,Fourth,Orange,Total,280,350,439,383,-,6.1,6.1,-,-
2016,Fourth,Clarence Valley,Total,288,350,435,371,-,6.1,5.7,-,-
2016,Fourth,Coffs Harbour,Total,360,440,550,463,-,2.8,6.0,-,-
2016,Fourth,Bourke - Cobar - Coonamble,Total,65,150,220,169,-,10.3,30.4,-,-
2016,Fourth,Broken Hill and Far West,Total,75,115,165,122,-,-11.5,-4.2,-,-
2016,Fourth,Dubbo,Total,221,315,390,312,-,-1.6,6.1,-,-
2016,Fourth,Lower Hunter,Total,285,365,460,395,-,7.4,12.3,-,-
2016,Fourth,Upper Hunter,Total,210,260,350,298,-,-6.1,-14.8,-,-
2016,Fourth,Great Lakes,Total,337,415,550,448,-,5.6,6.4,-,-
2016,Fourth,Kempsey - Nambucca,Total,260,340,430,356,-,4.6,6.3,-,-
2016,Fourth,Port Macquarie,Total,395,476,570,495,-,2.4,4.6,-,-
2016,Fourth,Taree - Gloucester,Total,263,345,462,367,-,5.8,4.5,-,-
2016,Fourth,Albury,Total,230,310,412,336,-,14.0,6.9,-,-
2016,Fourth,Lower Murray,Total,135,191,281,209,-,-3.5,-5.0,-,-
2016,Fourth,Upper Murray exc. Albury,Total,168,237,320,263,-,6.3,6.3,-,-
2016,Fourth,Armidale,Total,256,337,409,396,-,4.3,2.1,-,-
2016,Fourth,Inverell - Tenterfield,Total,145,212,280,233,-,3.9,-6.2,-,-
2016,Fourth,Moree - Narrabri,Total,145,250,350,258,-,31.6,4.2,-,-
2016,Fourth,Tamworth - Gunnedah,Total,250,320,420,345,-,0.0,1.6,-,-
2016,Fourth,Richmond Valley - Coastal,Total,480,643,855,703,-,2.6,9.9,-,-
2016,Fourth,Richmond Valley - Hinterland,Total,260,329,439,359,-,3.1,6.1,-,-
2016,Fourth,Tweed Valley,Total,385,500,620,520,-,4.2,13.6,-,-
2016,Fourth,Griffith - Murrumbidgee (West),Total,170,255,325,256,-,0.0,10.9,-,-
2016,Fourth,Tumut - Tumbarumba,Total,163,200,290,245,-,-17.7,-4.8,-,-
2016,Fourth,Wagga Wagga,Total,225,308,395,317,-,9.2,2.7,-,-
2016,Fourth,Shoalhaven,Total,385,475,595,512,-,4.2,12.0,-,-
2016,Fourth,Southern Highlands,Total,595,775,980,844,-,3.3,23.0,-,-
2016,Fourth,Goulburn - Yass,Non Strata,289,380,500,422,-,7.3,12.4,-,-
2016,Fourth,Queanbeyan,Non Strata,490,595,740,631,-,4.8,6.3,-,-
2016,Fourth,Snowy Mountains,Non Strata,210,293,425,330,-,18.1,10.6,-,-
2016,Fourth,South Coast,Non Strata,335,410,495,429,-,-1.9,2.5,-,-
2016,Fourth,Bathurst,Non Strata,330,405,463,401,-,5.2,6.6,-,-
2016,Fourth,Lachlan Valley,Non Strata,150,200,285,225,-,-1.0,-9.1,-,-
2016,Fourth,Lithgow - Mudgee,Non Strata,260,335,420,352,-,4.7,7.0,-,-
2016,Fourth,Orange,Non Strata,288,355,445,392,-,2.9,6.0,-,-
2016,Fourth,Clarence Valley,Non Strata,290,360,445,378,-,5.9,7.5,-,-
2016,Fourth,Coffs Harbour,Non Strata,390,470,575,497,-,2.2,3.5,-,-
2016,Fourth,Bourke - Cobar - Coonamble,Non Strata,65,150,220,169,-,10.3,30.4,-,-
2016,Fourth,Broken Hill and Far West,Non Strata,75,115,160,120,-,-11.5,-4.2,-,-
2016,Fourth,Dubbo,Non Strata,225,320,393,315,-,-0.9,8.1,-,-
2016,Fourth,Lower Hunter,Non Strata,300,376,485,408,-,8.0,13.9,-,-
2016,Fourth,Upper Hunter,Non Strata,210,261,355,303,-,-9.7,-15.3,-,-
2016,Fourth,Great Lakes,Non Strata,383,449,583,485,-,6.9,5.2,-,-
2016,Fourth,Kempsey - Nambucca,Non Strata,270,355,435,364,-,6.0,9.2,-,-
2016,Fourth,Port Macquarie,Non Strata,440,518,610,533,-,3.6,7.9,-,-
2016,Fourth,Taree - Gloucester,Non Strata,270,350,470,375,-,1.4,0.0,-,-
2016,Fourth,Albury,Non Strata,250,330,422,358,-,10.4,4.8,-,-
2016,Fourth,Lower Murray,Non Strata,158,195,281,216,-,0.0,-5.3,-,-
2016,Fourth,Upper Murray exc. Albury,Non Strata,170,241,327,265,-,5.2,5.2,-,-
2016,Fourth,Armidale,Non Strata,256,330,409,399,-,-2.1,-2.7,-,-
2016,Fourth,Inverell - Tenterfield,Non Strata,145,212,280,234,-,1.0,-6.2,-,-
2016,Fourth,Moree - Narrabri,Non Strata,148,250,350,260,-,31.6,4.2,-,-
2016,Fourth,Tamworth - Gunnedah,Non Strata,260,329,420,350,-,1.2,1.2,-,-
2016,Fourth,Richmond Valley - Coastal,Non Strata,575,720,939,790,-,5.1,10.8,-,-
2016,Fourth,Richmond Valley - Hinterland,Non Strata,278,339,450,373,-,4.3,7.6,-,-
2016,Fourth,Tweed Valley,Non Strata,480,570,690,604,-,3.8,14.0,-,-
2016,Fourth,Griffith - Murrumbidgee (West),Non Strata,175,255,325,261,-,-0.8,9.0,-,-
2016,Fourth,Tumut - Tumbarumba,Non Strata,163,203,300,249,-,-16.8,-3.3,-,-
2016,Fourth,Wagga Wagga,Non Strata,231,320,405,324,-,12.3,4.9,-,-
2016,Fourth,Shoalhaven,Non Strata,395,485,610,524,-,3.2,11.5,-,-
2016,Fourth,Southern Highlands,Non Strata,620,803,1030,873,-,3.6,23.7,-,-
2016,Fourth,Goulburn - Yass,Strata,185,278,400,329,-,37.6,-13.1,-,-
2016,Fourth,Queanbeyan,Strata,223,321,384,306,-,24.4,0.3,-,-
2016,Fourth,Snowy Mountains,Strata,185,235,355,269,-,7.8,2.2,-,-
2016,Fourth,South Coast,Strata,227,285,340,285,-,-0.3,9.6,-,-
2016,Fourth,Bathurst,Strata,246,295,350,291,-,16.1,22.9,-,-
2016,Fourth,Lachlan Valley,Strata,-,-,-,-,-,-,-,-,-
2016,Fourth,Lithgow - Mudgee,Strata,-,-,-,-,-,-,-,-,-
2016,Fourth,Orange,Strata,200,247,270,236,-,16.0,4.7,-,-
2016,Fourth,Clarence Valley,Strata,281,320,346,320,-,4.9,8.5,-,-
2016,Fourth,Coffs Harbour,Strata,255,335,405,343,-,9.1,5.3,-,-
2016,Fourth,Bourke - Cobar - Coonamble,Strata,-,-,-,-,-,-,-,-,-
2016,Fourth,Broken Hill and Far West,Strata,-,-,-,-,-,-,-,-,-
2016,Fourth,Dubbo,Strata,195,273,335,262,-,18.7,-17.0,-,-
2016,Fourth,Lower Hunter,Strata,215,260,295,252,-,2.0,-8.8,-,-
2016,Fourth,Upper Hunter,Strata,-,-,-,-,-,-,-,-,-
2016,Fourth,Great Lakes,Strata,315,340,426,373,-,3.0,6.9,-,-
2016,Fourth,Kempsey - Nambucca,Strata,229,260,350,298,-,16.6,12.6,-,-
2016,Fourth,Port Macquarie,Strata,309,360,445,387,-,3.4,5.9,-,-
2016,Fourth,Taree - Gloucester,Strata,233,279,355,300,-,16.3,20.8,-,-
2016,Fourth,Albury,Strata,162,215,273,233,-,16.2,2.4,-,-
2016,Fourth,Lower Murray,Strata,-,-,-,-,-,-,-,-,-
2016,Fourth,Upper Murray exc. Albury,Strata,153,215,280,237,-,4.9,-0.9,-,-
2016,Fourth,Armidale,Strata,-,-,-,-,-,-,-,-,-
2016,Fourth,Inverell - Tenterfield,Strata,-,-,-,-,-,-,-,-,-
2016,Fourth,Moree - Narrabri,Strata,-,-,-,-,-,-,-,-,-
2016,Fourth,Tamworth - Gunnedah,Strata,195,220,280,270,-,0.9,-7.2,-,-
2016,Fourth,Richmond Valley - Coastal,Strata,370,488,627,525,-,-4.7,10.9,-,-
2016,Fourth,Richmond Valley - Hinterland,Strata,210,240,264,226,-,4.8,20.6,-,-
2016,Fourth,Tweed Valley,Strata,316,360,460,391,-,-1.4,2.9,-,-
2016,Fourth,Griffith - Murrumbidgee (West),Strata,105,176,239,185,-,-12.0,8.0,-,-
2016,Fourth,Tumut - Tumbarumba,Strata,-,-,-,-,-,-,-,-,-
2016,Fourth,Wagga Wagga,Strata,161,214,250,212,-,7.5,-7.8,-,-
2016,Fourth,Shoalhaven,Strata,301,352,433,366,-,10.0,12.5,-,-
2016,Fourth,Southern Highlands,Strata,455,490,710,566,-,-12.5,-5.0,-,-
2015,Fourth,Ashfield,Total,660,825,1520,1128,-,3.1,13.0,-,-
2015,Fourth,Botany Bay,Total,630,833,1102,890,-,2.7,7.4,-,-
2015,Fourth,Lane Cove,Total,680,900,1630,1200,-,-13.5,-6.8,-,-
2015,Fourth,Leichhardt,Total,1110,1335,1585,1354,-,2.7,10.3,-,-
2015,Fourth,Marrickville,Total,700,971,1298,1018,-,-1.0,11.6,-,-
2015,Fourth,Mosman,Total,790,1410,2600,1912,-,15.1,9.7,-,-
2015,Fourth,North Sydney,Total,785,980,1500,1250,-,-0.5,15.6,-,-
2015,Fourth,Randwick,Total,780,1050,1770,1361,-,13.4,17.3,-,-
2015,Fourth,Sydney,Total,683,899,1280,1018,-,0.1,10.3,-,-
2015,Fourth,Waverley,Total,835,1150,1771,1429,-,-9.1,11.1,-,-
2015,Fourth,Woollahra,Total,940,1525,2282,1983,-,-19.7,-4.7,-,-
2015,Fourth,Auburn,Total,555,723,905,788,-,3.2,16.3,-,-
2015,Fourth,Bankstown,Total,663,805,910,792,-,-5.3,13.1,-,-
2015,Fourth,Burwood,Total,660,890,1540,1109,-,-3.9,0.6,-,-
2015,Fourth,Canterbury,Total,508,740,1110,844,-,9.6,11.1,-,-
2015,Fourth,Canada Bay,Total,820,1135,1604,1261,-,8.8,21.4,-,-
2015,Fourth,Hunters Hill,Total,1275,1988,2675,2188,-,-4.5,24.2,-,-
2015,Fourth,Hurstville,Total,723,901,1125,946,-,-0.7,10.7,-,-
2015,Fourth,Kogarah,Total,680,880,1400,1071,-,-2.2,-2.3,-,-
2015,Fourth,Ku-ring-gai,Total,1150,1570,2065,1634,-,-1.9,12.1,-,-
2015,Fourth,Manly,Total,953,1460,2075,1606,-,-5.8,20.7,-,-
2015,Fourth,Parramatta,Total,565,770,930,793,-,4.1,16.4,-,-
2015,Fourth,Rockdale,Total,617,740,1068,859,-,-1.1,5.7,-,-
2015,Fourth,Ryde,Total,670,1010,1480,1110,-,0.7,14.4,-,-
2015,Fourth,Strathfield,Total,610,730,1675,1126,-,-8.8,-7.1,-,-
2015,Fourth,Willoughby,Total,846,1410,2048,1531,-,6.0,-5.3,-,-
2015,Fourth,The Hills Shire,Total,870,1080,1300,1116,-,-4.2,10.2,-,-
2015,Fourth,Blacktown,Total,530,640,775,655,-,-0.9,15.3,-,-
2015,Fourth,Blue Mountains,Total,465,549,660,576,-,1.0,15.4,-,-
2015,Fourth,Camden,Total,595,680,755,699,-,0.0,17.2,-,-
2015,Fourth,Campbelltown,Total,470,530,604,544,-,-3.6,16.5,-,-
2015,Fourth,Fairfield,Total,560,685,783,679,-,-2.1,16.1,-,-
2015,Fourth,Gosford,Total,493,591,750,643,-,2.8,15.9,-,-
2015,Fourth,Hawkesbury,Total,520,623,818,702,-,0.5,17.8,-,-
2015,Fourth,Holroyd,Total,540,740,863,738,-,-1.3,16.1,-,-
2015,Fourth,Hornsby,Total,820,1054,1325,1088,-,-4.2,14.6,-,-
2015,Fourth,Liverpool,Total,535,663,800,681,-,0.3,14.2,-,-
2015,Fourth,Penrith,Total,493,581,675,591,-,-2.4,18.6,-,-
2015,Fourth,Pittwater,Total,1040,1280,1590,1396,-,0.4,14.5,-,-
2015,Fourth,Sutherland,Total,710,915,1180,981,-,-1.8,10.2,-,-
2015,Fourth,Warringah,Total,720,1103,1450,1138,-,7.5,14.8,-,-
2015,Fourth,Wollondilly,Total,495,625,825,674,-,-5.2,10.6,-,-
2015,Fourth,Wyong,Total,386,460,565,480,-,-2.1,16.5,-,-
2015,Fourth,Cessnock,Total,259,312,395,339,-,4.0,2.0,-,-
2015,Fourth,Kiama,Total,525,700,885,745,-,1.4,14.4,-,-
2015,Fourth,Lake Macquarie,Total,394,470,597,503,-,3.3,8.0,-,-
2015,Fourth,Maitland,Total,322,390,480,409,-,5.4,5.4,-,-
2015,Fourth,Newcastle,Total,402,485,605,544,-,2.0,5.4,-,-
2015,Fourth,Port Stephens,Total,358,440,560,462,-,2.3,11.0,-,-
2015,Fourth,Shellharbour,Total,427,495,600,517,-,2.1,12.5,-,-
2015,Fourth,Wollongong,Total,425,549,686,569,-,2.6,10.0,-,-
2015,Fourth,Ashfield,Non Strata,1280,1538,1933,1638,-,-2.1,25.8,-,-
2015,Fourth,Botany Bay,Non Strata,1050,1201,1400,1221,-,0.1,11.2,-,-
2015,Fourth,Lane Cove,Non Strata,1545,1775,2156,1914,-,-12.3,0.9,-,-
2015,Fourth,Leichhardt,Non Strata,1250,1445,1740,1510,-,1.0,4.3,-,-
2015,Fourth,Marrickville,Non Strata,1002,1200,1412,1231,-,-4.3,9.1,-,-
2015,Fourth,Mosman,Non Strata,2450,3065,4010,3346,-,-8.5,22.6,-,-
2015,Fourth,North Sydney,Non Strata,1825,2100,2825,2452,-,-3.7,16.7,-,-
2015,Fourth,Randwick,Non Strata,1600,1916,2420,2076,-,2.7,22.0,-,-
2015,Fourth,Sydney,Non Strata,1190,1418,1745,1486,-,-4.1,20.1,-,-
2015,Fourth,Waverley,Non Strata,1750,2208,2700,2360,-,-6.7,9.4,-,-
2015,Fourth,Woollahra,Non Strata,1950,2610,4200,3266,-,-9.1,9.9,-,-
2015,Fourth,Auburn,Non Strata,856,985,1300,1050,-,-0.9,7.7,-,-
2015,Fourth,Bankstown,Non Strata,780,855,950,868,-,-5.3,11.3,-,-
2015,Fourth,Burwood,Non Strata,1220,1585,2100,1654,-,-3.5,21.0,-,-
2015,Fourth,Canterbury,Non Strata,890,1081,1304,1129,-,-5.1,24.1,-,-
2015,Fourth,Canada Bay,Non Strata,1490,1760,2100,1804,-,-3.6,19.3,-,-
2015,Fourth,Hunters Hill,Non Strata,1762,2330,3060,2694,-,-10.4,-2.9,-,-
2015,Fourth,Hurstville,Non Strata,935,1083,1275,1124,-,-9.8,5.1,-,-
2015,Fourth,Kogarah,Non Strata,1115,1400,1625,1433,-,-3.4,6.1,-,-
2015,Fourth,Ku-ring-gai,Non Strata,1560,1855,2275,1972,-,-3.6,12.4,-,-
2015,Fourth,Manly,Non Strata,1740,2100,2635,2234,-,-5.0,25.2,-,-
2015,Fourth,Parramatta,Non Strata,808,938,1140,985,-,-7.6,10.4,-,-
2015,Fourth,Rockdale,Non Strata,1050,1225,1400,1242,-,-6.9,21.9,-,-
2015,Fourth,Ryde,Non Strata,1325,1500,1750,1558,-,-4.6,15.2,-,-
2015,Fourth,Strathfield,Non Strata,1375,1777,2000,1772,-,-10.3,11.1,-,-
2015,Fourth,Willoughby,Non Strata,1770,2050,2520,2170,-,3.4,13.3,-,-
2015,Fourth,The Hills Shire,Non Strata,980,1170,1382,1219,-,-5.6,9.3,-,-
2015,Fourth,Blacktown,Non Strata,578,672,805,690,-,-0.4,12.1,-,-
2015,Fourth,Blue Mountains,Non Strata,475,558,668,582,-,0.3,16.1,-,-
2015,Fourth,Camden,Non Strata,600,680,760,705,-,-0.9,15.7,-,-
2015,Fourth,Campbelltown,Non Strata,509,553,625,573,-,-3.1,15.1,-,-
2015,Fourth,Fairfield,Non Strata,650,720,815,737,-,-3.4,12.5,-,-
2015,Fourth,Gosford,Non Strata,530,640,790,694,-,3.2,16.4,-,-
2015,Fourth,Hawkesbury,Non Strata,563,668,858,740,-,-1.8,20.9,-,-
2015,Fourth,Holroyd,Non Strata,740,823,950,858,-,-4.7,12.7,-,-
2015,Fourth,Hornsby,Non Strata,1000,1200,1420,1243,-,-6.6,9.1,-,-
2015,Fourth,Liverpool,Non Strata,635,717,850,751,-,-1.5,13.8,-,-
2015,Fourth,Penrith,Non Strata,556,615,710,640,-,-1.6,17.0,-,-
2015,Fourth,Pittwater,Non Strata,1213,1400,1768,1577,-,0.0,11.2,-,-
2015,Fourth,Sutherland,Non Strata,950,1106,1353,1189,-,-3.8,15.8,-,-
2015,Fourth,Warringah,Non Strata,1300,1450,1712,1535,-,0.0,16.0,-,-
2015,Fourth,Wollondilly,Non Strata,500,640,825,686,-,-3.8,10.3,-,-
2015,Fourth,Wyong,Non Strata,405,473,580,501,-,-1.5,15.4,-,-
2015,Fourth,Cessnock,Non Strata,260,315,395,340,-,2.3,0.8,-,-
2015,Fourth,Kiama,Non Strata,615,755,930,821,-,3.9,16.2,-,-
2015,Fourth,Lake Macquarie,Non Strata,405,485,600,513,-,3.2,9.0,-,-
2015,Fourth,Maitland,Non Strata,338,399,488,420,-,3.5,5.7,-,-
2015,Fourth,Newcastle,Non Strata,420,505,625,552,-,1.0,5.7,-,-
2015,Fourth,Port Stephens,Non Strata,375,460,585,486,-,1.1,9.5,-,-
2015,Fourth,Shellharbour,Non Strata,452,520,630,546,-,1.4,11.3,-,-
2015,Fourth,Wollongong,Non Strata,465,600,730,617,-,-0.5,11.1,-,-
2015,Fourth,Ashfield,Strata,564,660,745,645,-,-3.3,2.3,-,-
2015,Fourth,Botany Bay,Strata,580,672,830,707,-,-9.8,5.7,-,-
2015,Fourth,Lane Cove,Strata,630,715,870,758,-,-3.0,5.9,-,-
2015,Fourth,Leichhardt,Strata,695,940,1225,1007,-,2.7,20.5,-,-
2015,Fourth,Marrickville,Strata,590,670,775,703,-,5.5,7.1,-,-
2015,Fourth,Mosman,Strata,710,866,1300,1039,-,3.7,11.8,-,-
2015,Fourth,North Sydney,Strata,750,900,1255,1018,-,-2.2,16.1,-,-
2015,Fourth,Randwick,Strata,715,830,980,877,-,1.2,10.7,-,-
2015,Fourth,Sydney,Strata,645,828,1092,918,-,-1.3,8.9,-,-
2015,Fourth,Waverley,Strata,750,923,1166,1004,-,-1.3,7.9,-,-
2015,Fourth,Woollahra,Strata,838,1045,1680,1236,-,-15.6,4.2,-,-
2015,Fourth,Auburn,Strata,515,585,710,601,-,-3.3,10.5,-,-
2015,Fourth,Bankstown,Strata,502,585,650,585,-,3.4,18.2,-,-
2015,Fourth,Burwood,Strata,520,696,790,663,-,-15.8,1.4,-,-
2015,Fourth,Canterbury,Strata,425,500,620,521,-,0.0,7.5,-,-
2015,Fourth,Canada Bay,Strata,735,862,1080,928,-,-1.4,8.3,-,-
2015,Fourth,Hunters Hill,Strata,750,965,1300,1148,-,14.9,4.3,-,-
2015,Fourth,Hurstville,Strata,590,680,790,696,-,8.6,13.5,-,-
2015,Fourth,Kogarah,Strata,620,679,753,686,-,-6.2,9.5,-,-
2015,Fourth,Ku-ring-gai,Strata,753,885,1125,945,-,5.4,17.6,-,-
2015,Fourth,Manly,Strata,800,1030,1393,1132,-,-7.2,16.4,-,-
2015,Fourth,Parramatta,Strata,497,571,735,616,-,-4.8,7.5,-,-
2015,Fourth,Rockdale,Strata,580,650,740,659,-,-1.5,12.3,-,-
2015,Fourth,Ryde,Strata,583,683,813,704,-,-5.7,7.5,-,-
2015,Fourth,Strathfield,Strata,550,621,678,625,-,-7.4,7.9,-,-
2015,Fourth,Willoughby,Strata,750,850,1000,916,-,-1.2,-5.6,-,-
2015,Fourth,The Hills Shire,Strata,663,730,828,728,-,-5.8,9.0,-,-
2015,Fourth,Blacktown,Strata,410,466,547,477,-,-1.4,8.4,-,-
2015,Fourth,Blue Mountains,Strata,406,436,515,454,-,9.7,22.7,-,-
2015,Fourth,Camden,Strata,477,525,660,547,-,6.1,29.6,-,-
2015,Fourth,Campbelltown,Strata,378,410,439,409,-,-1.7,14.4,-,-
2015,Fourth,Fairfield,Strata,380,437,500,441,-,-0.7,9.9,-,-
2015,Fourth,Gosford,Strata,385,460,560,483,-,3.4,16.5,-,-
2015,Fourth,Hawkesbury,Strata,400,456,480,447,-,-7.0,11.1,-,-
2015,Fourth,Holroyd,Strata,444,483,550,497,-,-3.4,11.0,-,-
2015,Fourth,Hornsby,Strata,605,659,755,676,-,-6.2,2.3,-,-
2015,Fourth,Liverpool,Strata,388,442,525,457,-,-1.8,10.5,-,-
2015,Fourth,Penrith,Strata,355,428,480,422,-,-5.2,9.5,-,-
2015,Fourth,Pittwater,Strata,620,790,905,780,-,1.7,9.7,-,-
2015,Fourth,Sutherland,Strata,580,681,785,697,-,0.1,8.0,-,-
2015,Fourth,Warringah,Strata,620,719,848,738,-,-0.2,12.4,-,-
2015,Fourth,Wollondilly,Strata,-,-,-,-,-,-,-,-,-
2015,Fourth,Wyong,Strata,305,351,440,368,-,-8.2,13.2,-,-
2015,Fourth,Cessnock,Strata,255,285,360,326,-,11.8,-3.4,-,-
2015,Fourth,Kiama,Strata,393,430,520,492,-,-5.0,2.3,-,-
2015,Fourth,Lake Macquarie,Strata,308,385,441,398,-,5.5,7.7,-,-
2015,Fourth,Maitland,Strata,250,290,312,284,-,-1.7,0.0,-,-
2015,Fourth,Newcastle,Strata,360,430,550,518,-,5.9,7.5,-,-
2015,Fourth,Port Stephens,Strata,285,350,445,371,-,12.0,1.4,-,-
2015,Fourth,Shellharbour,Strata,330,397,455,383,-,4.3,13.8,-,-
2015,Fourth,Wollongong,Strata,370,450,550,468,-,1.1,7.1,-,-
2015,Fourth,Goulburn - Yass,Total,264,333,437,363,-,0.8,3.9,-,-
2015,Fourth,Queanbeyan,Total,352,465,643,503,-,3.0,0.6,-,-
2015,Fourth,Snowy Mountains,Total,200,260,380,321,-,12.1,-4.8,-,-
2015,Fourth,South Coast,Total,310,380,470,395,-,5.6,5.6,-,-
2015,Fourth,Bathurst,Total,295,363,449,375,-,0.6,10.0,-,-
2015,Fourth,Lachlan Valley,Total,140,213,290,232,-,5.2,4.0,-,-
2015,Fourth,Lithgow - Mudgee,Total,239,309,403,349,-,2.7,9.0,-,-
2015,Fourth,Orange,Total,250,330,425,353,-,2.4,-1.6,-,-
2015,Fourth,Clarence Valley,Total,255,330,408,339,-,6.5,3.1,-,-
2015,Fourth,Coffs Harbour,Total,335,415,525,434,-,1.8,9.4,-,-
2015,Fourth,Bourke - Cobar - Coonamble,Total,55,115,210,135,-,15.0,-22.7,-,-
2015,Fourth,Broken Hill and Far West,Total,80,123,176,133,-,2.1,-1.1,-,-
2015,Fourth,Dubbo,Total,200,290,359,287,-,-5.6,5.1,-,-
2015,Fourth,Lower Hunter,Total,267,325,435,365,-,1.6,-1.5,-,-
2015,Fourth,Upper Hunter,Total,239,300,388,329,-,19.8,-6.4,-,-
2015,Fourth,Great Lakes,Total,310,390,500,408,-,2.6,13.5,-,-
2015,Fourth,Kempsey - Nambucca,Total,240,318,402,335,-,2.4,9.9,-,-
2015,Fourth,Port Macquarie,Total,355,450,540,460,-,5.1,7.9,-,-
2015,Fourth,Taree - Gloucester,Total,250,330,430,346,-,4.6,6.3,-,-
2015,Fourth,Albury,Total,218,290,380,308,-,11.5,10.7,-,-
2015,Fourth,Lower Murray,Total,133,198,284,244,-,14.5,9.7,-,-
2015,Fourth,Upper Murray exc. Albury,Total,150,218,317,249,-,-6.4,-12.8,-,-
2015,Fourth,Armidale,Total,245,319,410,350,-,-0.4,0.3,-,-
2015,Fourth,Inverell - Tenterfield,Total,153,221,340,251,-,-0.7,-16.6,-,-
2015,Fourth,Moree - Narrabri,Total,120,240,310,235,-,-11.1,-10.7,-,-
2015,Fourth,Tamworth - Gunnedah,Total,240,315,420,339,-,11.7,7.7,-,-
2015,Fourth,Richmond Valley - Coastal,Total,440,574,760,632,-,5.8,14.8,-,-
2015,Fourth,Richmond Valley - Hinterland,Total,240,308,393,327,-,2.7,-2.2,-,-
2015,Fourth,Tweed Valley,Total,348,440,540,462,-,0.9,6.8,-,-
2015,Fourth,Griffith - Murrumbidgee (West),Total,163,230,325,273,-,2.2,-9.8,-,-
2015,Fourth,Tumut - Tumbarumba,Total,150,210,280,226,-,-16.0,-1.8,-,-
2015,Fourth,Wagga Wagga,Total,230,300,382,315,-,7.5,11.1,-,-
2015,Fourth,Shoalhaven,Total,343,420,535,459,-,1.2,12.0,-,-
2015,Fourth,Southern Highlands,Total,480,624,833,708,-,1.4,10.4,-,-
2015,Fourth,Goulburn - Yass,Non Strata,265,335,450,369,-,0.0,3.1,-,-
2015,Fourth,Queanbeyan,Non Strata,445,557,735,594,-,-2.3,1.4,-,-
2015,Fourth,Snowy Mountains,Non Strata,203,265,415,345,-,10.4,-13.0,-,-
2015,Fourth,South Coast,Non Strata,338,405,499,426,-,3.8,7.3,-,-
2015,Fourth,Bathurst,Non Strata,315,380,465,390,-,0.1,9.7,-,-
2015,Fourth,Lachlan Valley,Non Strata,140,215,300,234,-,6.4,7.5,-,-
2015,Fourth,Lithgow - Mudgee,Non Strata,240,310,413,351,-,-1.0,9.3,-,-
2015,Fourth,Orange,Non Strata,259,335,429,359,-,-0.4,-2.8,-,-
2015,Fourth,Clarence Valley,Non Strata,260,335,410,343,-,8.1,4.7,-,-
2015,Fourth,Coffs Harbour,Non Strata,385,452,550,474,-,2.8,8.9,-,-
2015,Fourth,Bourke - Cobar - Coonamble,Non Strata,55,115,210,135,-,15.0,-23.0,-,-
2015,Fourth,Broken Hill and Far West,Non Strata,80,123,176,133,-,2.1,-1.1,-,-
2015,Fourth,Dubbo,Non Strata,198,290,365,288,-,-5.8,3.6,-,-
2015,Fourth,Lower Hunter,Non Strata,269,330,436,372,-,-1.5,-1.0,-,-
2015,Fourth,Upper Hunter,Non Strata,247,305,390,333,-,17.3,-4.7,-,-
2015,Fourth,Great Lakes,Non Strata,328,420,540,435,-,-3.4,16.7,-,-
2015,Fourth,Kempsey - Nambucca,Non Strata,250,325,410,343,-,3.2,7.8,-,-
2015,Fourth,Port Macquarie,Non Strata,390,480,567,485,-,6.3,5.7,-,-
2015,Fourth,Taree - Gloucester,Non Strata,260,340,440,360,-,1.5,6.3,-,-
2015,Fourth,Albury,Non Strata,240,310,400,327,-,3.3,3.3,-,-
2015,Fourth,Lower Murray,Non Strata,140,201,285,249,-,6.5,7.8,-,-
2015,Fourth,Upper Murray exc. Albury,Non Strata,153,220,317,250,-,-7.9,-14.2,-,-
2015,Fourth,Armidale,Non Strata,260,335,415,351,-,4.0,4.7,-,-
2015,Fourth,Inverell - Tenterfield,Non Strata,152,221,343,251,-,-1.3,2.8,-,-
2015,Fourth,Moree - Narrabri,Non Strata,130,240,310,236,-,-11.4,-11.1,-,-
2015,Fourth,Tamworth - Gunnedah,Non Strata,245,322,428,345,-,11.1,11.1,-,-
2015,Fourth,Richmond Valley - Coastal,Non Strata,508,640,825,689,-,6.7,18.5,-,-
2015,Fourth,Richmond Valley - Hinterland,Non Strata,250,315,415,335,-,0.7,-1.9,-,-
2015,Fourth,Tweed Valley,Non Strata,430,500,630,536,-,1.0,5.8,-,-
2015,Fourth,Griffith - Murrumbidgee (West),Non Strata,168,235,330,278,-,4.2,-8.8,-,-
2015,Fourth,Tumut - Tumbarumba,Non Strata,155,210,285,228,-,-8.7,0.0,-,-
2015,Fourth,Wagga Wagga,Non Strata,235,305,389,319,-,5.9,10.7,-,-
2015,Fourth,Shoalhaven,Non Strata,350,430,550,471,-,2.3,13.2,-,-
2015,Fourth,Southern Highlands,Non Strata,490,635,875,727,-,-0.2,10.7,-,-
2015,Fourth,Goulburn - Yass,Strata,185,315,359,286,-,57.5,45.8,-,-
2015,Fourth,Queanbeyan,Strata,214,293,356,289,-,-11.4,-13.7,-,-
2015,Fourth,Snowy Mountains,Strata,182,223,310,246,-,10.7,11.3,-,-
2015,Fourth,South Coast,Strata,212,258,335,271,-,3.8,9.6,-,-
2015,Fourth,Bathurst,Strata,179,238,285,232,-,-15.2,-2.5,-,-
2015,Fourth,Lachlan Valley,Strata,-,-,-,-,-,-,-,-,-
2015,Fourth,Lithgow - Mudgee,Strata,-,-,-,-,-,-,-,-,-
2015,Fourth,Orange,Strata,210,235,305,261,-,13.5,17.5,-,-
2015,Fourth,Clarence Valley,Strata,221,295,342,286,-,2.6,-6.3,-,-
2015,Fourth,Coffs Harbour,Strata,230,285,370,314,-,0.0,3.6,-,-
2015,Fourth,Bourke - Cobar - Coonamble,Strata,-,-,-,-,-,-,-,-,-
2015,Fourth,Broken Hill and Far West,Strata,-,-,-,-,-,-,-,-,-
2015,Fourth,Dubbo,Strata,217,261,329,267,-,-,25.5,-,-
2015,Fourth,Lower Hunter,Strata,238,275,315,297,-,17.0,-6.8,-,-
2015,Fourth,Upper Hunter,Strata,-,-,-,-,-,-,-,-,-
2015,Fourth,Great Lakes,Strata,260,318,425,341,-,7.6,4.1,-,-
2015,Fourth,Kempsey - Nambucca,Strata,215,230,280,257,-,3.4,7.6,-,-
2015,Fourth,Port Macquarie,Strata,295,339,440,368,-,-2.4,9.0,-,-
2015,Fourth,Taree - Gloucester,Strata,174,235,290,242,-,-7.8,-4.5,-,-
2015,Fourth,Albury,Strata,150,210,235,210,-,15.4,18.0,-,-
2015,Fourth,Lower Murray,Strata,-,-,-,-,-,-,-,-,-
2015,Fourth,Upper Murray exc. Albury,Strata,134,208,301,244,-,6.1,0.0,-,-
2015,Fourth,Armidale,Strata,206,250,315,344,-,-7.4,-,-,-
2015,Fourth,Inverell - Tenterfield,Strata,-,-,-,-,-,-,-,-,-
2015,Fourth,Moree - Narrabri,Strata,-,-,-,-,-,-,-,-,-
2015,Fourth,Tamworth - Gunnedah,Strata,195,237,290,239,-,12.9,-22.3,-,-
2015,Fourth,Richmond Valley - Coastal,Strata,329,425,530,503,-,-4.5,-1.0,-,-
2015,Fourth,Richmond Valley - Hinterland,Strata,166,199,275,227,-,-17.1,-22.0,-,-
2015,Fourth,Tweed Valley,Strata,299,350,423,366,-,6.8,5.9,-,-
2015,Fourth,Griffith - Murrumbidgee (West),Strata,-,-,-,-,-,-,-,-,-
2015,Fourth,Tumut - Tumbarumba,Strata,-,-,-,-,-,-,-,-,-
2015,Fourth,Wagga Wagga,Strata,210,232,270,232,-,4.5,-7.2,-,-
2015,Fourth,Shoalhaven,Strata,255,315,379,327,-,3.3,16.0,-,-
2015,Fourth,Southern Highlands,Strata,380,501,700,529,-,21.3,-7.3,-,-
